<edmx:Edmx
    xmlns:edmx="http://schemas.microsoft.com/ado/2007/06/edmx"
    xmlns:m="http://schemas.microsoft.com/ado/2007/08/dataservices/metadata"
    xmlns:sap="http://www.sap.com/Protocols/SAPData" Version="1.0">
    <edmx:DataServices m:DataServiceVersion="2.0">
        <Schema
            xmlns="http://schemas.microsoft.com/ado/2008/09/edm" Namespace="ZEHSM_ODATA_DIVYA_R_SRV" xml:lang="en" sap:schema-version="1">
            <EntityType Name="ZDR_LOGIN" sap:content-version="1">
                <Key>
                    <PropertyRef Name="WfPassword"/>
                    <PropertyRef Name="WfUsername"/>
                </Key>
                <Property Name="WfPassword" Type="Edm.String" Nullable="false" MaxLength="20" sap:label="PASSWORD DATA ELEMENT" sap:creatable="false" sap:updatable="false" sap:sortable="false" sap:filterable="false"/>
                <Property Name="WfUsername" Type="Edm.String" Nullable="false" MaxLength="20" sap:label="USERNAME DATA ELEMENT" sap:creatable="false" sap:updatable="false" sap:sortable="false" sap:filterable="false"/>
                <Property Name="Plant" Type="Edm.String" MaxLength="4" sap:label="Plant" sap:creatable="false" sap:updatable="false" sap:sortable="false" sap:filterable="false"/>
                <Property Name="SuccessCode" Type="Edm.String" sap:label="RESULT" sap:creatable="false" sap:updatable="false" sap:sortable="false" sap:filterable="false"/>
            </EntityType>
            <EntityType Name="ZDR_IL" sap:content-version="1">
                <Key>
                    <PropertyRef Name="Recn"/>
                </Key>
                <Property Name="Plant" Type="Edm.String" MaxLength="4" sap:label="Plant" sap:creatable="false" sap:updatable="false" sap:sortable="false" sap:filterable="false"/>
                <Property Name="Mandt" Type="Edm.String" MaxLength="3" sap:label="Client" sap:creatable="false" sap:updatable="false" sap:sortable="false" sap:filterable="false"/>
                <Property Name="Recn" Type="Edm.String" Nullable="false" MaxLength="20" sap:label="Record number" sap:creatable="false" sap:updatable="false" sap:sortable="false" sap:filterable="false"/>
                <Property Name="Actn" Type="Edm.String" MaxLength="20" sap:label="Change State" sap:creatable="false" sap:updatable="false" sap:sortable="false" sap:filterable="false"/>
                <Property Name="Valfr" Type="Edm.DateTime" Precision="7" sap:label="Valid From" sap:creatable="false" sap:updatable="false" sap:sortable="false" sap:filterable="false"/>
                <Property Name="Valto" Type="Edm.DateTime" Precision="7" sap:label="Valid To" sap:creatable="false" sap:updatable="false" sap:sortable="false" sap:filterable="false"/>
                <Property Name="Aennr" Type="Edm.String" MaxLength="12" sap:label="Change number" sap:creatable="false" sap:updatable="false" sap:sortable="false" sap:filterable="false"/>
                <Property Name="Delflg" Type="Edm.Boolean" sap:label="Deletion Ind." sap:creatable="false" sap:updatable="false" sap:sortable="false" sap:filterable="false"/>
                <Property Name="Parkflg" Type="Edm.Boolean" sap:label="Inactive" sap:creatable="false" sap:updatable="false" sap:sortable="false" sap:filterable="false"/>
                <Property Name="Crdat" Type="Edm.DateTime" Precision="7" sap:label="Created on" sap:creatable="false" sap:updatable="false" sap:sortable="false" sap:filterable="false"/>
                <Property Name="Crnam" Type="Edm.String" MaxLength="12" sap:label="Created by" sap:creatable="false" sap:updatable="false" sap:sortable="false" sap:filterable="false"/>
                <Property Name="Upddat" Type="Edm.DateTime" Precision="7" sap:label="Changed On" sap:creatable="false" sap:updatable="false" sap:sortable="false" sap:filterable="false"/>
                <Property Name="Updnam" Type="Edm.String" MaxLength="12" sap:label="Changed By" sap:creatable="false" sap:updatable="false" sap:sortable="false" sap:filterable="false"/>
                <Property Name="Srsid" Type="Edm.String" MaxLength="10" sap:label="Data Origin" sap:creatable="false" sap:updatable="false" sap:sortable="false" sap:filterable="false"/>
                <Property Name="Ownid" Type="Edm.String" MaxLength="10" sap:label="Data Provider" sap:creatable="false" sap:updatable="false" sap:sortable="false" sap:filterable="false"/>
                <Property Name="Recnroot" Type="Edm.String" MaxLength="20" sap:label="Record number" sap:creatable="false" sap:updatable="false" sap:sortable="false" sap:filterable="false"/>
                <Property Name="Ialid" Type="Edm.String" MaxLength="20" sap:label="I/A log entry" sap:creatable="false" sap:updatable="false" sap:sortable="false" sap:filterable="false"/>
                <Property Name="Iatype" Type="Edm.String" MaxLength="3" sap:label="Log entry type" sap:creatable="false" sap:updatable="false" sap:sortable="false" sap:filterable="false"/>
                <Property Name="Iaplant" Type="Edm.String" MaxLength="4" sap:label="Plant" sap:creatable="false" sap:updatable="false" sap:sortable="false" sap:filterable="false"/>
                <Property Name="Objnr" Type="Edm.String" MaxLength="22" sap:label="Object number" sap:creatable="false" sap:updatable="false" sap:sortable="false" sap:filterable="false"/>
                <Property Name="Iastatus" Type="Edm.String" MaxLength="5" sap:label="Status" sap:creatable="false" sap:updatable="false" sap:sortable="false" sap:filterable="false"/>
                <Property Name="Evdesc" Type="Edm.String" MaxLength="60" sap:label="Event" sap:creatable="false" sap:updatable="false" sap:sortable="false" sap:filterable="false"/>
                <Property Name="Dmtype" Type="Edm.String" MaxLength="21" sap:label="Type of damage" sap:creatable="false" sap:updatable="false" sap:sortable="false" sap:filterable="false"/>
                <Property Name="Tplnr" Type="Edm.String" MaxLength="30" sap:label="Functional Loc." sap:creatable="false" sap:updatable="false" sap:sortable="false" sap:filterable="false"/>
                <Property Name="Equnr" Type="Edm.String" MaxLength="18" sap:label="Equipment" sap:creatable="false" sap:updatable="false" sap:sortable="false" sap:filterable="false"/>
                <Property Name="Eqdesc" Type="Edm.String" MaxLength="80" sap:label="Machine" sap:creatable="false" sap:updatable="false" sap:sortable="false" sap:filterable="false"/>
                <Property Name="Fatalflg" Type="Edm.Boolean" sap:label="Fatality" sap:creatable="false" sap:updatable="false" sap:sortable="false" sap:filterable="false"/>
                <Property Name="Cntrflg" Type="Edm.Boolean" sap:label="Contr. affected" sap:creatable="false" sap:updatable="false" sap:sortable="false" sap:filterable="false"/>
                <Property Name="Invresult" Type="Edm.String" MaxLength="60" sap:label="Investig.result" sap:creatable="false" sap:updatable="false" sap:sortable="false" sap:filterable="false"/>
                <Property Name="Invresultflg" Type="Edm.Boolean" sap:label="Text ind." sap:creatable="false" sap:updatable="false" sap:sortable="false" sap:filterable="false"/>
                <Property Name="Pmflg" Type="Edm.Boolean" sap:label="Maint. req." sap:creatable="false" sap:updatable="false" sap:sortable="false" sap:filterable="false"/>
                <Property Name="Prodlflg" Type="Edm.Boolean" sap:label="Prod. time lost" sap:creatable="false" sap:updatable="false" sap:sortable="false" sap:filterable="false"/>
                <Property Name="Mtnlangu" Type="Edm.String" MaxLength="2" sap:label="Entry lang." sap:creatable="false" sap:updatable="false" sap:sortable="false" sap:filterable="false"/>
                <Property Name="Evdat" Type="Edm.DateTime" Precision="7" sap:label="Event date" sap:creatable="false" sap:updatable="false" sap:sortable="false" sap:filterable="false"/>
                <Property Name="Evtime" Type="Edm.Time" Precision="0" sap:label="Event time" sap:creatable="false" sap:updatable="false" sap:sortable="false" sap:filterable="false"/>
                <Property Name="Recntwah" Type="Edm.String" MaxLength="20" sap:label="Work area" sap:creatable="false" sap:updatable="false" sap:sortable="false" sap:filterable="false"/>
                <Property Name="Acloc" Type="Edm.String" MaxLength="10" sap:label="Acc. location" sap:creatable="false" sap:updatable="false" sap:sortable="false" sap:filterable="false"/>
                <Property Name="Aclocdesc" Type="Edm.String" MaxLength="60" sap:label="Description" sap:creatable="false" sap:updatable="false" sap:sortable="false" sap:filterable="false"/>
                <Property Name="Evtimezone" Type="Edm.String" MaxLength="6" sap:label="Time zone" sap:creatable="false" sap:updatable="false" sap:sortable="false" sap:filterable="false"/>
                <Property Name="Iarephdflg" Type="Edm.Boolean" sap:label="Reportable" sap:creatable="false" sap:updatable="false" sap:sortable="false" sap:filterable="false"/>
                <Property Name="Flplant" Type="Edm.String" MaxLength="4" sap:label="Plant" sap:creatable="false" sap:updatable="false" sap:sortable="false" sap:filterable="false"/>
                <Property Name="Blockflg" Type="Edm.String" MaxLength="1" sap:label="Lock Ind." sap:creatable="false" sap:updatable="false" sap:sortable="false" sap:filterable="false"/>
            </EntityType>
            <EntityType Name="ZDR_RL" sap:content-version="1">
                <Key>
                    <PropertyRef Name="Recn"/>
                </Key>
                <Property Name="Mandt" Type="Edm.String" MaxLength="3" sap:label="Client" sap:creatable="false" sap:updatable="false" sap:sortable="false" sap:filterable="false"/>
                <Property Name="Recn" Type="Edm.String" Nullable="false" MaxLength="20" sap:label="Record number" sap:creatable="false" sap:updatable="false" sap:sortable="false" sap:filterable="false"/>
                <Property Name="Actn" Type="Edm.String" MaxLength="20" sap:label="Change State" sap:creatable="false" sap:updatable="false" sap:sortable="false" sap:filterable="false"/>
                <Property Name="Valfr" Type="Edm.DateTime" Precision="7" sap:label="Valid From" sap:creatable="false" sap:updatable="false" sap:sortable="false" sap:filterable="false"/>
                <Property Name="Valto" Type="Edm.DateTime" Precision="7" sap:label="Valid To" sap:creatable="false" sap:updatable="false" sap:sortable="false" sap:filterable="false"/>
                <Property Name="Aennr" Type="Edm.String" MaxLength="12" sap:label="Change number" sap:creatable="false" sap:updatable="false" sap:sortable="false" sap:filterable="false"/>
                <Property Name="Delflg" Type="Edm.Boolean" sap:label="Deletion Ind." sap:creatable="false" sap:updatable="false" sap:sortable="false" sap:filterable="false"/>
                <Property Name="Parkflg" Type="Edm.Boolean" sap:label="Inactive" sap:creatable="false" sap:updatable="false" sap:sortable="false" sap:filterable="false"/>
                <Property Name="Crdat" Type="Edm.DateTime" Precision="7" sap:label="Created on" sap:creatable="false" sap:updatable="false" sap:sortable="false" sap:filterable="false"/>
                <Property Name="Crnam" Type="Edm.String" MaxLength="12" sap:label="Created by" sap:creatable="false" sap:updatable="false" sap:sortable="false" sap:filterable="false"/>
                <Property Name="Upddat" Type="Edm.DateTime" Precision="7" sap:label="Changed On" sap:creatable="false" sap:updatable="false" sap:sortable="false" sap:filterable="false"/>
                <Property Name="Updnam" Type="Edm.String" MaxLength="12" sap:label="Changed By" sap:creatable="false" sap:updatable="false" sap:sortable="false" sap:filterable="false"/>
                <Property Name="Srsid" Type="Edm.String" MaxLength="10" sap:label="Data Origin" sap:creatable="false" sap:updatable="false" sap:sortable="false" sap:filterable="false"/>
                <Property Name="Ownid" Type="Edm.String" MaxLength="10" sap:label="Data Provider" sap:creatable="false" sap:updatable="false" sap:sortable="false" sap:filterable="false"/>
                <Property Name="Recnroot" Type="Edm.String" MaxLength="20" sap:label="Record number" sap:creatable="false" sap:updatable="false" sap:sortable="false" sap:filterable="false"/>
                <Property Name="Objnr" Type="Edm.String" MaxLength="22" sap:label="Object number" sap:creatable="false" sap:updatable="false" sap:sortable="false" sap:filterable="false"/>
                <Property Name="Recntwah" Type="Edm.String" MaxLength="20" sap:label="Work area" sap:creatable="false" sap:updatable="false" sap:sortable="false" sap:filterable="false"/>
                <Property Name="Eptype" Type="Edm.String" MaxLength="10" sap:label="Agent type" sap:creatable="false" sap:updatable="false" sap:sortable="false" sap:filterable="false"/>
                <Property Name="Epid" Type="Edm.String" MaxLength="20" sap:label="Agent" sap:creatable="false" sap:updatable="false" sap:sortable="false" sap:filterable="false"/>
                <Property Name="Erstatus" Type="Edm.String" MaxLength="5" sap:label="Status" sap:creatable="false" sap:updatable="false" sap:sortable="false" sap:filterable="false"/>
                <Property Name="Erinitstatus" Type="Edm.String" MaxLength="5" sap:label="Initial status" sap:creatable="false" sap:updatable="false" sap:sortable="false" sap:filterable="false"/>
                <Property Name="Rem" Type="Edm.String" MaxLength="60" sap:label="Note" sap:creatable="false" sap:updatable="false" sap:sortable="false" sap:filterable="false"/>
                <Property Name="Riskassetnum" Type="Edm.String" MaxLength="8" sap:label="Assessment no." sap:creatable="false" sap:updatable="false" sap:sortable="false" sap:filterable="false"/>
                <Property Name="Opcond" Type="Edm.String" MaxLength="3" sap:label="Operatn Status" sap:creatable="false" sap:updatable="false" sap:sortable="false" sap:filterable="false"/>
                <Property Name="Ratingcat" Type="Edm.String" MaxLength="3" sap:label="Rating categ." sap:creatable="false" sap:updatable="false" sap:sortable="false" sap:filterable="false"/>
                <Property Name="Mainrating" Type="Edm.String" MaxLength="3" sap:label="Main Rating" sap:creatable="false" sap:updatable="false" sap:sortable="false" sap:filterable="false"/>
                <Property Name="Rainvresult" Type="Edm.String" MaxLength="60" sap:label="Result" sap:creatable="false" sap:updatable="false" sap:sortable="false" sap:filterable="false"/>
                <Property Name="Ltxtflg" Type="Edm.Boolean" sap:label="Long text" sap:creatable="false" sap:updatable="false" sap:sortable="false" sap:filterable="false"/>
                <Property Name="Asscontrval" Type="Edm.Decimal" Precision="1" Scale="0" sap:label="Val. ass. chckd" sap:creatable="false" sap:updatable="false" sap:sortable="false" sap:filterable="false"/>
                <Property Name="Asscontrdat" Type="Edm.DateTime" Precision="7" sap:label="Date of Rating" sap:creatable="false" sap:updatable="false" sap:sortable="false" sap:filterable="false"/>
                <Property Name="Assctrper" Type="Edm.String" MaxLength="10" sap:label="Person respons." sap:creatable="false" sap:updatable="false" sap:sortable="false" sap:filterable="false"/>
                <Property Name="Assctrperexflg" Type="Edm.Boolean" sap:label="External" sap:creatable="false" sap:updatable="false" sap:sortable="false" sap:filterable="false"/>
                <Property Name="Assctrpergrp" Type="Edm.String" MaxLength="1" sap:label="Person group" sap:creatable="false" sap:updatable="false" sap:sortable="false" sap:filterable="false"/>
                <Property Name="Rar" Type="Edm.String" MaxLength="3" sap:label="Reason" sap:creatable="false" sap:updatable="false" sap:sortable="false" sap:filterable="false"/>
                <Property Name="Nextradat" Type="Edm.DateTime" Precision="7" sap:label="Next Risk Assessmt" sap:creatable="false" sap:updatable="false" sap:sortable="false" sap:filterable="false"/>
                <Property Name="Severe" Type="Edm.String" MaxLength="3" sap:label="Severity" sap:creatable="false" sap:updatable="false" sap:sortable="false" sap:filterable="false"/>
                <Property Name="Problty" Type="Edm.String" MaxLength="3" sap:label="Probability" sap:creatable="false" sap:updatable="false" sap:sortable="false" sap:filterable="false"/>
                <Property Name="Soid" Type="Edm.String" MaxLength="40" sap:label="Source Obj. ID" sap:creatable="false" sap:updatable="false" sap:sortable="false" sap:filterable="false"/>
                <Property Name="Sotype" Type="Edm.String" MaxLength="20" sap:label="Source Obj.Type" sap:creatable="false" sap:updatable="false" sap:sortable="false" sap:filterable="false"/>
                <Property Name="Sopart" Type="Edm.String" MaxLength="20" sap:label="Srce Obj. Part" sap:creatable="false" sap:updatable="false" sap:sortable="false" sap:filterable="false"/>
                <Property Name="Sotxt" Type="Edm.String" MaxLength="120" sap:label="Source Obj.Text" sap:creatable="false" sap:updatable="false" sap:sortable="false" sap:filterable="false"/>
                <Property Name="Planbegdat" Type="Edm.DateTime" Precision="7" sap:label="Planned Start" sap:creatable="false" sap:updatable="false" sap:sortable="false" sap:filterable="false"/>
                <Property Name="Planenddat" Type="Edm.DateTime" Precision="7" sap:label="Planned End" sap:creatable="false" sap:updatable="false" sap:sortable="false" sap:filterable="false"/>
                <Property Name="Actbegdat" Type="Edm.DateTime" Precision="7" sap:label="Act. Start Date" sap:creatable="false" sap:updatable="false" sap:sortable="false" sap:filterable="false"/>
                <Property Name="Actenddat" Type="Edm.DateTime" Precision="7" sap:label="Actual End Date" sap:creatable="false" sap:updatable="false" sap:sortable="false" sap:filterable="false"/>
                <Property Name="Qualprotect" Type="Edm.String" MaxLength="3" sap:label="Protection Lvl" sap:creatable="false" sap:updatable="false" sap:sortable="false" sap:filterable="false"/>
                <Property Name="Chkrating" Type="Edm.String" MaxLength="3" sap:label="Rating After Chk" sap:creatable="false" sap:updatable="false" sap:sortable="false" sap:filterable="false"/>
            </EntityType>
            <EntityContainer Name="ZEHSM_ODATA_DIVYA_R_SRV_Entities" m:IsDefaultEntityContainer="true" sap:supported-formats="atom json xlsx">
                <EntitySet Name="ZDR_LOGINSet" EntityType="ZEHSM_ODATA_DIVYA_R_SRV.ZDR_LOGIN" sap:creatable="false" sap:updatable="false" sap:deletable="false" sap:pageable="false" sap:content-version="1"/>
                <EntitySet Name="ZDR_ILSet" EntityType="ZEHSM_ODATA_DIVYA_R_SRV.ZDR_IL" sap:creatable="false" sap:updatable="false" sap:deletable="false" sap:pageable="false" sap:content-version="1"/>
                <EntitySet Name="ZDR_RLSet" EntityType="ZEHSM_ODATA_DIVYA_R_SRV.ZDR_RL" sap:creatable="false" sap:updatable="false" sap:deletable="false" sap:pageable="false" sap:content-version="1"/>
            </EntityContainer>
            <atom:link
                xmlns:atom="http://www.w3.org/2005/Atom" rel="self" href="./sap/ZEHSM_ODATA_DIVYA_R_SRV/$metadata"/>
                <atom:link
                    xmlns:atom="http://www.w3.org/2005/Atom" rel="latest-version" href="./sap/ZEHSM_ODATA_DIVYA_R_SRV/$metadata"/>
                </Schema>
            </edmx:DataServices>
        </edmx:Edmx>