<edmx:Edmx
    xmlns:edmx="http://schemas.microsoft.com/ado/2007/06/edmx"
    xmlns:m="http://schemas.microsoft.com/ado/2007/08/dataservices/metadata"
    xmlns:sap="http://www.sap.com/Protocols/SAPData" Version="1.0">
    <edmx:DataServices m:DataServiceVersion="2.0">
        <Schema
            xmlns="http://schemas.microsoft.com/ado/2008/09/edm" Namespace="ZSFP_ODATA_DR_SRV" xml:lang="en" sap:schema-version="1">
            <EntityType Name="ZDR_PLAN_OD" sap:content-version="1">
                <Key>
                    <PropertyRef Name="PlanorderNumber"/>
                </Key>
                <Property Name="PlanorderNumber" Type="Edm.String" Nullable="false" MaxLength="10" sap:label="Planned order" sap:creatable="false" sap:updatable="false" sap:sortable="false" sap:filterable="false"/>
                <Property Name="PlannedorderNum" Type="Edm.String" MaxLength="10" sap:label="Planned order" sap:creatable="false" sap:updatable="false" sap:sortable="false" sap:filterable="false"/>
                <Property Name="Material" Type="Edm.String" MaxLength="18" sap:label="Material" sap:creatable="false" sap:updatable="false" sap:sortable="false" sap:filterable="false"/>
                <Property Name="PlanPlant" Type="Edm.String" MaxLength="4" sap:label="Planning plant" sap:creatable="false" sap:updatable="false" sap:sortable="false" sap:filterable="false"/>
                <Property Name="ProdPlant" Type="Edm.String" MaxLength="4" sap:label="Producing plant" sap:creatable="false" sap:updatable="false" sap:sortable="false" sap:filterable="false"/>
                <Property Name="OrderType" Type="Edm.String" MaxLength="4" sap:label="Order type" sap:creatable="false" sap:updatable="false" sap:sortable="false" sap:filterable="false"/>
                <Property Name="ProcurementType" Type="Edm.String" MaxLength="1" sap:label="Procurement" sap:creatable="false" sap:updatable="false" sap:sortable="false" sap:filterable="false"/>
                <Property Name="SpecialprocType" Type="Edm.String" MaxLength="1" sap:label="Spec. procuremt" sap:creatable="false" sap:updatable="false" sap:sortable="false" sap:filterable="false"/>
                <Property Name="TotalPlordQty" Type="Edm.Decimal" Precision="13" Scale="3" sap:label="Order quantity" sap:creatable="false" sap:updatable="false" sap:sortable="false" sap:filterable="false"/>
                <Property Name="FixedScrapQty" Type="Edm.Decimal" Precision="13" Scale="3" sap:label="Scrap quantity" sap:creatable="false" sap:updatable="false" sap:sortable="false" sap:filterable="false"/>
                <Property Name="ReqQuan" Type="Edm.Decimal" Precision="13" Scale="3" sap:label="Requirement qty" sap:creatable="false" sap:updatable="false" sap:sortable="false" sap:filterable="false"/>
                <Property Name="OrderStartDate" Type="Edm.DateTime" Precision="7" sap:label="Order start" sap:creatable="false" sap:updatable="false" sap:sortable="false" sap:filterable="false"/>
                <Property Name="OrderFinDate" Type="Edm.DateTime" Precision="7" sap:label="Order finish" sap:creatable="false" sap:updatable="false" sap:sortable="false" sap:filterable="false"/>
                <Property Name="PlanOpenDate" Type="Edm.DateTime" Precision="7" sap:label="Planned opening" sap:creatable="false" sap:updatable="false" sap:sortable="false" sap:filterable="false"/>
                <Property Name="GrProcTime" Type="Edm.Decimal" Precision="3" Scale="0" sap:label="GR ProcessTime" sap:creatable="false" sap:updatable="false" sap:sortable="false" sap:filterable="false"/>
                <Property Name="MrpController" Type="Edm.String" MaxLength="3" sap:label="MRP controller" sap:creatable="false" sap:updatable="false" sap:sortable="false" sap:filterable="false"/>
                <Property Name="ConversionInd" Type="Edm.Boolean" sap:label="Conversion" sap:creatable="false" sap:updatable="false" sap:sortable="false" sap:filterable="false"/>
                <Property Name="FirmingInd" Type="Edm.Boolean" sap:label="Firming" sap:creatable="false" sap:updatable="false" sap:sortable="false" sap:filterable="false"/>
                <Property Name="BomExpFixInd" Type="Edm.Boolean" sap:label="Fixed explosion" sap:creatable="false" sap:updatable="false" sap:sortable="false" sap:filterable="false"/>
                <Property Name="Acctasscat" Type="Edm.String" MaxLength="1" sap:label="Acct.assig.cat." sap:creatable="false" sap:updatable="false" sap:sortable="false" sap:filterable="false"/>
                <Property Name="SalesOrd" Type="Edm.String" MaxLength="10" sap:label="Sales Order" sap:creatable="false" sap:updatable="false" sap:sortable="false" sap:filterable="false"/>
                <Property Name="SOrdItem" Type="Edm.String" MaxLength="6" sap:label="Sales ord. item" sap:creatable="false" sap:updatable="false" sap:sortable="false" sap:filterable="false"/>
                <Property Name="SchedLine" Type="Edm.String" MaxLength="4" sap:label="SOrder schedule" sap:creatable="false" sap:updatable="false" sap:sortable="false" sap:filterable="false"/>
                <Property Name="ReservNo" Type="Edm.String" MaxLength="10" sap:label="Reservation" sap:creatable="false" sap:updatable="false" sap:sortable="false" sap:filterable="false"/>
                <Property Name="QuotaArr" Type="Edm.String" MaxLength="10" sap:label="Quota arr." sap:creatable="false" sap:updatable="false" sap:sortable="false" sap:filterable="false"/>
                <Property Name="Quotarritm" Type="Edm.String" MaxLength="3" sap:label="Quota arr. item" sap:creatable="false" sap:updatable="false" sap:sortable="false" sap:filterable="false"/>
                <Property Name="FixedVend" Type="Edm.String" MaxLength="10" sap:label="Fixed vendor" sap:creatable="false" sap:updatable="false" sap:sortable="false" sap:filterable="false"/>
                <Property Name="Agreement" Type="Edm.String" MaxLength="10" sap:label="Agreement" sap:creatable="false" sap:updatable="false" sap:sortable="false" sap:filterable="false"/>
                <Property Name="AgmtItem" Type="Edm.String" MaxLength="5" sap:label="Agreement item" sap:creatable="false" sap:updatable="false" sap:sortable="false" sap:filterable="false"/>
                <Property Name="PurchOrg" Type="Edm.String" MaxLength="4" sap:label="Purchasing org." sap:creatable="false" sap:updatable="false" sap:sortable="false" sap:filterable="false"/>
                <Property Name="StgeLoc" Type="Edm.String" MaxLength="4" sap:label="Stor. location" sap:creatable="false" sap:updatable="false" sap:sortable="false" sap:filterable="false"/>
                <Property Name="Consumpt" Type="Edm.String" MaxLength="1" sap:label="Consumption" sap:creatable="false" sap:updatable="false" sap:sortable="false" sap:filterable="false"/>
                <Property Name="SpecStock" Type="Edm.String" MaxLength="1" sap:label="Special Stock" sap:creatable="false" sap:updatable="false" sap:sortable="false" sap:filterable="false"/>
                <Property Name="IntProjItem" Type="Edm.String" MaxLength="24" sap:label="WBS Element" sap:creatable="false" sap:updatable="false" sap:sortable="false" sap:filterable="false"/>
                <Property Name="BomexplNo" Type="Edm.String" MaxLength="8" sap:label="BOM expl.number" sap:creatable="false" sap:updatable="false" sap:sortable="false" sap:filterable="false"/>
                <Property Name="BomexplDate" Type="Edm.DateTime" Precision="7" sap:label="Explosion date" sap:creatable="false" sap:updatable="false" sap:sortable="false" sap:filterable="false"/>
                <Property Name="ValidityObject" Type="Edm.String" MaxLength="12" sap:label="StandardVariant" sap:creatable="false" sap:updatable="false" sap:sortable="false" sap:filterable="false"/>
                <Property Name="BomUsage" Type="Edm.String" MaxLength="1" sap:label="Usage" sap:creatable="false" sap:updatable="false" sap:sortable="false" sap:filterable="false"/>
                <Property Name="AlternativeBom" Type="Edm.String" MaxLength="2" sap:label="Alternative" sap:creatable="false" sap:updatable="false" sap:sortable="false" sap:filterable="false"/>
                <Property Name="BomStatus" Type="Edm.String" MaxLength="2" sap:label="BOM status" sap:creatable="false" sap:updatable="false" sap:sortable="false" sap:filterable="false"/>
                <Property Name="ChangeNumber" Type="Edm.String" MaxLength="12" sap:label="Change Number" sap:creatable="false" sap:updatable="false" sap:sortable="false" sap:filterable="false"/>
                <Property Name="Setreserno" Type="Edm.String" MaxLength="10" sap:label="Settle.reser.No" sap:creatable="false" sap:updatable="false" sap:sortable="false" sap:filterable="false"/>
                <Property Name="Settlitmno" Type="Edm.String" MaxLength="4" sap:label="Settle.item no." sap:creatable="false" sap:updatable="false" sap:sortable="false" sap:filterable="false"/>
                <Property Name="DistKey" Type="Edm.String" MaxLength="4" sap:label="Distribution" sap:creatable="false" sap:updatable="false" sap:sortable="false" sap:filterable="false"/>
                <Property Name="Version" Type="Edm.String" MaxLength="4" sap:label="Prod. Version" sap:creatable="false" sap:updatable="false" sap:sortable="false" sap:filterable="false"/>
                <Property Name="RunschdHd" Type="Edm.String" MaxLength="12" sap:label="RS header" sap:creatable="false" sap:updatable="false" sap:sortable="false" sap:filterable="false"/>
                <Property Name="ProdScheduler" Type="Edm.String" MaxLength="3" sap:label="Prodn Superv." sap:creatable="false" sap:updatable="false" sap:sortable="false" sap:filterable="false"/>
                <Property Name="ProdStartDate" Type="Edm.DateTime" Precision="7" sap:label="Prod.start date" sap:creatable="false" sap:updatable="false" sap:sortable="false" sap:filterable="false"/>
                <Property Name="ProdFinishDate" Type="Edm.DateTime" Precision="7" sap:label="Product. finish" sap:creatable="false" sap:updatable="false" sap:sortable="false" sap:filterable="false"/>
                <Property Name="CapReqRecordid" Type="Edm.String" MaxLength="12" sap:label="ID" sap:creatable="false" sap:updatable="false" sap:sortable="false" sap:filterable="false"/>
                <Property Name="SchedulingId" Type="Edm.String" MaxLength="15" sap:label="Number" sap:creatable="false" sap:updatable="false" sap:sortable="false" sap:filterable="false"/>
                <Property Name="SchedulingInd" Type="Edm.Boolean" sap:label="Scheduling" sap:creatable="false" sap:updatable="false" sap:sortable="false" sap:filterable="false"/>
                <Property Name="SchedulingError" Type="Edm.String" MaxLength="2" sap:label="Schedul. error" sap:creatable="false" sap:updatable="false" sap:sortable="false" sap:filterable="false"/>
                <Property Name="ProductionNote" Type="Edm.String" MaxLength="1" sap:label="Production note" sap:creatable="false" sap:updatable="false" sap:sortable="false" sap:filterable="false"/>
                <Property Name="BackflushInd" Type="Edm.String" MaxLength="1" sap:label="Backflushing" sap:creatable="false" sap:updatable="false" sap:sortable="false" sap:filterable="false"/>
                <Property Name="BaseUom" Type="Edm.String" MaxLength="3" sap:label="Base Unit" sap:creatable="false" sap:updatable="false" sap:sortable="false" sap:filterable="false" sap:semantics="unit-of-measure"/>
                <Property Name="Configuration" Type="Edm.String" MaxLength="18" sap:label="Int. object no." sap:creatable="false" sap:updatable="false" sap:sortable="false" sap:filterable="false"/>
                <Property Name="RevisionLevel" Type="Edm.String" MaxLength="2" sap:label="Revision level" sap:creatable="false" sap:updatable="false" sap:sortable="false" sap:filterable="false"/>
                <Property Name="ReducedQty" Type="Edm.Decimal" Precision="13" Scale="3" sap:label="Reduced qty" sap:creatable="false" sap:updatable="false" sap:sortable="false" sap:filterable="false"/>
                <Property Name="SchedRateIndex" Type="Edm.String" MaxLength="12" sap:label="Rate ID" sap:creatable="false" sap:updatable="false" sap:sortable="false" sap:filterable="false"/>
                <Property Name="RoughSchedindexltIndex" Type="Edm.String" MaxLength="12" sap:label="Rough sched. ID" sap:creatable="false" sap:updatable="false" sap:sortable="false" sap:filterable="false"/>
                <Property Name="SchedErrorPr" Type="Edm.String" MaxLength="2" sap:label="SchedError rate" sap:creatable="false" sap:updatable="false" sap:sortable="false" sap:filterable="false"/>
                <Property Name="SchedErrorRs" Type="Edm.String" MaxLength="2" sap:label="Sched.error" sap:creatable="false" sap:updatable="false" sap:sortable="false" sap:filterable="false"/>
                <Property Name="ObjectType" Type="Edm.String" MaxLength="1" sap:label="Object type" sap:creatable="false" sap:updatable="false" sap:sortable="false" sap:filterable="false"/>
                <Property Name="PlngScenarioLt" Type="Edm.String" MaxLength="3" sap:label="Plnng scenario" sap:creatable="false" sap:updatable="false" sap:sortable="false" sap:filterable="false"/>
                <Property Name="SimReqNo" Type="Edm.String" MaxLength="10" sap:label="Sim.requmts no." sap:creatable="false" sap:updatable="false" sap:sortable="false" sap:filterable="false"/>
                <Property Name="KanbanIndicator" Type="Edm.String" MaxLength="1" sap:label="Kanban Indicat." sap:creatable="false" sap:updatable="false" sap:sortable="false" sap:filterable="false"/>
                <Property Name="DispCapInd" Type="Edm.Boolean" sap:label="Cap. dispatched" sap:creatable="false" sap:updatable="false" sap:sortable="false" sap:filterable="false"/>
                <Property Name="SeqNumberOrder" Type="Edm.String" MaxLength="14" sap:label="Sequence number" sap:creatable="false" sap:updatable="false" sap:sortable="false" sap:filterable="false"/>
                <Property Name="OrderStrTime" Type="Edm.Time" Precision="0" sap:label="Start Time" sap:creatable="false" sap:updatable="false" sap:sortable="false" sap:filterable="false"/>
                <Property Name="OrderFinTime" Type="Edm.Time" Precision="0" sap:label="End Time" sap:creatable="false" sap:updatable="false" sap:sortable="false" sap:filterable="false"/>
                <Property Name="AssOrdInd" Type="Edm.Boolean" sap:label="Assembly orders" sap:creatable="false" sap:updatable="false" sap:sortable="false" sap:filterable="false"/>
                <Property Name="CollordLeadInd" Type="Edm.String" MaxLength="1" sap:label="Coll. Order" sap:creatable="false" sap:updatable="false" sap:sortable="false" sap:filterable="false"/>
                <Property Name="AvailableConf" Type="Edm.String" MaxLength="1" sap:label="Avail.confirm." sap:creatable="false" sap:updatable="false" sap:sortable="false" sap:filterable="false"/>
                <Property Name="CommitQty" Type="Edm.Decimal" Precision="13" Scale="3" sap:label="Committed qty" sap:creatable="false" sap:updatable="false" sap:sortable="false" sap:filterable="false"/>
                <Property Name="PlordCtrl" Type="Edm.String" MaxLength="2" sap:label="Action control" sap:creatable="false" sap:updatable="false" sap:sortable="false" sap:filterable="false"/>
                <Property Name="ActionPlndOrd" Type="Edm.String" MaxLength="4" sap:label="Action(PlndOrd)" sap:creatable="false" sap:updatable="false" sap:sortable="false" sap:filterable="false"/>
                <Property Name="DateOfAction" Type="Edm.DateTime" Precision="7" sap:label="Action date" sap:creatable="false" sap:updatable="false" sap:sortable="false" sap:filterable="false"/>
                <Property Name="TimeOfAction" Type="Edm.Time" Precision="0" sap:label="Action time" sap:creatable="false" sap:updatable="false" sap:sortable="false" sap:filterable="false"/>
                <Property Name="TotalCommitDat" Type="Edm.DateTime" Precision="7" sap:label="Tot. commitment" sap:creatable="false" sap:updatable="false" sap:sortable="false" sap:filterable="false"/>
                <Property Name="SchedProdDates" Type="Edm.Boolean" sap:label="By prod. dates" sap:creatable="false" sap:updatable="false" sap:sortable="false" sap:filterable="false"/>
                <Property Name="LeadSchedLevel" Type="Edm.String" MaxLength="1" sap:label="Scheduling lvl" sap:creatable="false" sap:updatable="false" sap:sortable="false" sap:filterable="false"/>
                <Property Name="AtpCheckType" Type="Edm.String" MaxLength="1" sap:label="Type avail.chck" sap:creatable="false" sap:updatable="false" sap:sortable="false" sap:filterable="false"/>
                <Property Name="PlnWoAssembly" Type="Edm.Boolean" sap:label="W/o final assy" sap:creatable="false" sap:updatable="false" sap:sortable="false" sap:filterable="false"/>
                <Property Name="ReqPlanNo" Type="Edm.String" MaxLength="10" sap:label="Reqmts Plan" sap:creatable="false" sap:updatable="false" sap:sortable="false" sap:filterable="false"/>
                <Property Name="ReqTotaling" Type="Edm.String" MaxLength="1" sap:label="Aggregate reqmts" sap:creatable="false" sap:updatable="false" sap:sortable="false" sap:filterable="false"/>
                <Property Name="Numerator" Type="Edm.Decimal" Precision="5" Scale="0" sap:label="Counter" sap:creatable="false" sap:updatable="false" sap:sortable="false" sap:filterable="false"/>
                <Property Name="Denominatr" Type="Edm.Decimal" Precision="5" Scale="0" sap:label="Denominator" sap:creatable="false" sap:updatable="false" sap:sortable="false" sap:filterable="false"/>
                <Property Name="EntryQnt" Type="Edm.Decimal" Precision="13" Scale="3" sap:label="Quantity in UnE" sap:creatable="false" sap:updatable="false" sap:sortable="false" sap:filterable="false"/>
                <Property Name="UnitOfEntry" Type="Edm.String" MaxLength="3" sap:label="Unit of Entry" sap:creatable="false" sap:updatable="false" sap:sortable="false" sap:filterable="false" sap:semantics="unit-of-measure"/>
                <Property Name="ReqRecordNo" Type="Edm.String" MaxLength="10" sap:label="Requirement" sap:creatable="false" sap:updatable="false" sap:sortable="false" sap:filterable="false"/>
                <Property Name="SpecStvalInd" Type="Edm.String" MaxLength="1" sap:label="Valuation" sap:creatable="false" sap:updatable="false" sap:sortable="false" sap:filterable="false"/>
                <Property Name="DelivQty" Type="Edm.Decimal" Precision="13" Scale="3" sap:label="Received" sap:creatable="false" sap:updatable="false" sap:sortable="false" sap:filterable="false"/>
                <Property Name="WithdrQty" Type="Edm.Decimal" Precision="13" Scale="3" sap:label="Issued" sap:creatable="false" sap:updatable="false" sap:sortable="false" sap:filterable="false"/>
                <Property Name="ObjDependTree" Type="Edm.String" MaxLength="17" sap:label="Edge obj. dep." sap:creatable="false" sap:updatable="false" sap:sortable="false" sap:filterable="false"/>
                <Property Name="ScVendor" Type="Edm.Boolean" sap:label="SC vendor" sap:creatable="false" sap:updatable="false" sap:sortable="false" sap:filterable="false"/>
                <Property Name="DelivRecVendor" Type="Edm.String" MaxLength="10" sap:label="Vendor" sap:creatable="false" sap:updatable="false" sap:sortable="false" sap:filterable="false"/>
                <Property Name="MrpArea" Type="Edm.String" MaxLength="10" sap:label="MRP Area" sap:creatable="false" sap:updatable="false" sap:sortable="false" sap:filterable="false"/>
                <Property Name="IssueMrpArea" Type="Edm.String" MaxLength="10" sap:label="from MRP area" sap:creatable="false" sap:updatable="false" sap:sortable="false" sap:filterable="false"/>
                <Property Name="MpnMaterial" Type="Edm.String" MaxLength="18" sap:label="MPN material" sap:creatable="false" sap:updatable="false" sap:sortable="false" sap:filterable="false"/>
                <Property Name="RepetitiveInd" Type="Edm.String" MaxLength="1" sap:label="Repetitive mfg" sap:creatable="false" sap:updatable="false" sap:sortable="false" sap:filterable="false"/>
                <Property Name="BaseUomIso" Type="Edm.String" MaxLength="3" sap:label="ISO code" sap:creatable="false" sap:updatable="false" sap:sortable="false" sap:filterable="false"/>
                <Property Name="UnitOfEntryIso" Type="Edm.String" MaxLength="3" sap:label="ISO code" sap:creatable="false" sap:updatable="false" sap:sortable="false" sap:filterable="false"/>
                <Property Name="MaterialExternal" Type="Edm.String" MaxLength="40" sap:label="Material Number" sap:creatable="false" sap:updatable="false" sap:sortable="false" sap:filterable="false"/>
                <Property Name="MaterialGuid" Type="Edm.String" MaxLength="32" sap:label="GUID (External)" sap:creatable="false" sap:updatable="false" sap:sortable="false" sap:filterable="false"/>
                <Property Name="MaterialVersion" Type="Edm.String" MaxLength="10" sap:label="Version Number" sap:creatable="false" sap:updatable="false" sap:sortable="false" sap:filterable="false"/>
                <Property Name="MpnMaterialExternal" Type="Edm.String" MaxLength="40" sap:label="Material Number" sap:creatable="false" sap:updatable="false" sap:sortable="false" sap:filterable="false"/>
                <Property Name="MpnMaterialGuid" Type="Edm.String" MaxLength="32" sap:label="GUID (External)" sap:creatable="false" sap:updatable="false" sap:sortable="false" sap:filterable="false"/>
                <Property Name="MpnMaterialVersion" Type="Edm.String" MaxLength="10" sap:label="Version Number" sap:creatable="false" sap:updatable="false" sap:sortable="false" sap:filterable="false"/>
                <Property Name="SupplStloc" Type="Edm.String" MaxLength="4" sap:label="Iss. Stor. Loc." sap:creatable="false" sap:updatable="false" sap:sortable="false" sap:filterable="false"/>
                <Property Name="StockSegment" Type="Edm.String" MaxLength="16" sap:label="Stock Segment" sap:creatable="false" sap:updatable="false" sap:sortable="false" sap:filterable="false"/>
                <Property Name="MaterialLong" Type="Edm.String" MaxLength="40" sap:label="Material" sap:creatable="false" sap:updatable="false" sap:sortable="false" sap:filterable="false"/>
                <Property Name="MpnMaterialLong" Type="Edm.String" MaxLength="40" sap:label="MPN Material" sap:creatable="false" sap:updatable="false" sap:sortable="false" sap:filterable="false"/>
                <Property Name="Type" Type="Edm.String" MaxLength="1" sap:label="Message type" sap:creatable="false" sap:updatable="false" sap:sortable="false" sap:filterable="false"/>
                <Property Name="Id" Type="Edm.String" MaxLength="20" sap:label="Message Class" sap:creatable="false" sap:updatable="false" sap:sortable="false" sap:filterable="false"/>
                <Property Name="Number" Type="Edm.String" MaxLength="3" sap:label="Message number" sap:creatable="false" sap:updatable="false" sap:sortable="false" sap:filterable="false"/>
                <Property Name="Message" Type="Edm.String" MaxLength="220" sap:label="Message text" sap:creatable="false" sap:updatable="false" sap:sortable="false" sap:filterable="false"/>
                <Property Name="LogNo" Type="Edm.String" MaxLength="20" sap:label="Log number" sap:creatable="false" sap:updatable="false" sap:sortable="false" sap:filterable="false"/>
                <Property Name="LogMsgNo" Type="Edm.String" MaxLength="6" sap:label="Message no." sap:creatable="false" sap:updatable="false" sap:sortable="false" sap:filterable="false"/>
                <Property Name="MessageV1" Type="Edm.String" MaxLength="50" sap:label="Message Variable" sap:creatable="false" sap:updatable="false" sap:sortable="false" sap:filterable="false"/>
                <Property Name="MessageV2" Type="Edm.String" MaxLength="50" sap:label="Message Variable" sap:creatable="false" sap:updatable="false" sap:sortable="false" sap:filterable="false"/>
                <Property Name="MessageV3" Type="Edm.String" MaxLength="50" sap:label="Message Variable" sap:creatable="false" sap:updatable="false" sap:sortable="false" sap:filterable="false"/>
                <Property Name="MessageV4" Type="Edm.String" MaxLength="50" sap:label="Message Variable" sap:creatable="false" sap:updatable="false" sap:sortable="false" sap:filterable="false"/>
            </EntityType>
            <EntityType Name="ZDR_PLAN_OL" sap:content-version="1">
                <Key>
                    <PropertyRef Name="PlannedorderNum"/>
                </Key>
                <Property Name="FilterType" Type="Edm.String" MaxLength="20" sap:label="Char20" sap:creatable="false" sap:updatable="false" sap:sortable="false" sap:filterable="false"/>
                <Property Name="FilterValue" Type="Edm.String" MaxLength="20" sap:label="Char20" sap:creatable="false" sap:updatable="false" sap:sortable="false" sap:filterable="false"/>
                <Property Name="MrpCtrl" Type="Edm.String" MaxLength="3" sap:label="MRP controller" sap:creatable="false" sap:updatable="false" sap:sortable="false" sap:filterable="false"/>
                <Property Name="Plant" Type="Edm.String" MaxLength="4" sap:label="Plant" sap:creatable="false" sap:updatable="false" sap:sortable="false" sap:filterable="false"/>
                <Property Name="Year" Type="Edm.String" MaxLength="20" sap:label="Char20" sap:creatable="false" sap:updatable="false" sap:sortable="false" sap:filterable="false"/>
                <Property Name="PlannedorderNum" Type="Edm.String" Nullable="false" MaxLength="10" sap:label="Planned order" sap:creatable="false" sap:updatable="false" sap:sortable="false" sap:filterable="false"/>
                <Property Name="Material" Type="Edm.String" MaxLength="18" sap:label="Material" sap:creatable="false" sap:updatable="false" sap:sortable="false" sap:filterable="false"/>
                <Property Name="PlanPlant" Type="Edm.String" MaxLength="4" sap:label="Planning plant" sap:creatable="false" sap:updatable="false" sap:sortable="false" sap:filterable="false"/>
                <Property Name="ProdPlant" Type="Edm.String" MaxLength="4" sap:label="Producing plant" sap:creatable="false" sap:updatable="false" sap:sortable="false" sap:filterable="false"/>
                <Property Name="OrderType" Type="Edm.String" MaxLength="4" sap:label="Order type" sap:creatable="false" sap:updatable="false" sap:sortable="false" sap:filterable="false"/>
                <Property Name="ProcurementType" Type="Edm.String" MaxLength="1" sap:label="Procurement" sap:creatable="false" sap:updatable="false" sap:sortable="false" sap:filterable="false"/>
                <Property Name="SpecialprocType" Type="Edm.String" MaxLength="1" sap:label="Spec. procuremt" sap:creatable="false" sap:updatable="false" sap:sortable="false" sap:filterable="false"/>
                <Property Name="TotalPlordQty" Type="Edm.Decimal" Precision="13" Scale="3" sap:label="Order quantity" sap:creatable="false" sap:updatable="false" sap:sortable="false" sap:filterable="false"/>
                <Property Name="FixedScrapQty" Type="Edm.Decimal" Precision="13" Scale="3" sap:label="Scrap quantity" sap:creatable="false" sap:updatable="false" sap:sortable="false" sap:filterable="false"/>
                <Property Name="ReqQuan" Type="Edm.Decimal" Precision="13" Scale="3" sap:label="Requirement qty" sap:creatable="false" sap:updatable="false" sap:sortable="false" sap:filterable="false"/>
                <Property Name="OrderStartDate" Type="Edm.DateTime" Precision="7" sap:label="Order start" sap:creatable="false" sap:updatable="false" sap:sortable="false" sap:filterable="false"/>
                <Property Name="OrderFinDate" Type="Edm.DateTime" Precision="7" sap:label="Order finish" sap:creatable="false" sap:updatable="false" sap:sortable="false" sap:filterable="false"/>
                <Property Name="PlanOpenDate" Type="Edm.DateTime" Precision="7" sap:label="Planned opening" sap:creatable="false" sap:updatable="false" sap:sortable="false" sap:filterable="false"/>
                <Property Name="GrProcTime" Type="Edm.Decimal" Precision="3" Scale="0" sap:label="GR ProcessTime" sap:creatable="false" sap:updatable="false" sap:sortable="false" sap:filterable="false"/>
                <Property Name="MrpController" Type="Edm.String" MaxLength="3" sap:label="MRP controller" sap:creatable="false" sap:updatable="false" sap:sortable="false" sap:filterable="false"/>
                <Property Name="ConversionInd" Type="Edm.Boolean" sap:label="Conversion" sap:creatable="false" sap:updatable="false" sap:sortable="false" sap:filterable="false"/>
                <Property Name="FirmingInd" Type="Edm.Boolean" sap:label="Firming" sap:creatable="false" sap:updatable="false" sap:sortable="false" sap:filterable="false"/>
                <Property Name="BomExpFixInd" Type="Edm.Boolean" sap:label="Fixed explosion" sap:creatable="false" sap:updatable="false" sap:sortable="false" sap:filterable="false"/>
                <Property Name="Acctasscat" Type="Edm.String" MaxLength="1" sap:label="Acct.assig.cat." sap:creatable="false" sap:updatable="false" sap:sortable="false" sap:filterable="false"/>
                <Property Name="SalesOrd" Type="Edm.String" MaxLength="10" sap:label="Sales Order" sap:creatable="false" sap:updatable="false" sap:sortable="false" sap:filterable="false"/>
                <Property Name="SOrdItem" Type="Edm.String" MaxLength="6" sap:label="Sales ord. item" sap:creatable="false" sap:updatable="false" sap:sortable="false" sap:filterable="false"/>
                <Property Name="SchedLine" Type="Edm.String" MaxLength="4" sap:label="SOrder schedule" sap:creatable="false" sap:updatable="false" sap:sortable="false" sap:filterable="false"/>
                <Property Name="ReservNo" Type="Edm.String" MaxLength="10" sap:label="Reservation" sap:creatable="false" sap:updatable="false" sap:sortable="false" sap:filterable="false"/>
                <Property Name="QuotaArr" Type="Edm.String" MaxLength="10" sap:label="Quota arr." sap:creatable="false" sap:updatable="false" sap:sortable="false" sap:filterable="false"/>
                <Property Name="Quotarritm" Type="Edm.String" MaxLength="3" sap:label="Quota arr. item" sap:creatable="false" sap:updatable="false" sap:sortable="false" sap:filterable="false"/>
                <Property Name="FixedVend" Type="Edm.String" MaxLength="10" sap:label="Fixed vendor" sap:creatable="false" sap:updatable="false" sap:sortable="false" sap:filterable="false"/>
                <Property Name="Agreement" Type="Edm.String" MaxLength="10" sap:label="Agreement" sap:creatable="false" sap:updatable="false" sap:sortable="false" sap:filterable="false"/>
                <Property Name="AgmtItem" Type="Edm.String" MaxLength="5" sap:label="Agreement item" sap:creatable="false" sap:updatable="false" sap:sortable="false" sap:filterable="false"/>
                <Property Name="PurchOrg" Type="Edm.String" MaxLength="4" sap:label="Purchasing org." sap:creatable="false" sap:updatable="false" sap:sortable="false" sap:filterable="false"/>
                <Property Name="StgeLoc" Type="Edm.String" MaxLength="4" sap:label="Stor. location" sap:creatable="false" sap:updatable="false" sap:sortable="false" sap:filterable="false"/>
                <Property Name="Consumpt" Type="Edm.String" MaxLength="1" sap:label="Consumption" sap:creatable="false" sap:updatable="false" sap:sortable="false" sap:filterable="false"/>
                <Property Name="SpecStock" Type="Edm.String" MaxLength="1" sap:label="Special Stock" sap:creatable="false" sap:updatable="false" sap:sortable="false" sap:filterable="false"/>
                <Property Name="IntProjItem" Type="Edm.String" MaxLength="24" sap:label="WBS Element" sap:creatable="false" sap:updatable="false" sap:sortable="false" sap:filterable="false"/>
                <Property Name="BomexplNo" Type="Edm.String" MaxLength="8" sap:label="BOM expl.number" sap:creatable="false" sap:updatable="false" sap:sortable="false" sap:filterable="false"/>
                <Property Name="BomexplDate" Type="Edm.DateTime" Precision="7" sap:label="Explosion date" sap:creatable="false" sap:updatable="false" sap:sortable="false" sap:filterable="false"/>
                <Property Name="ValidityObject" Type="Edm.String" MaxLength="12" sap:label="StandardVariant" sap:creatable="false" sap:updatable="false" sap:sortable="false" sap:filterable="false"/>
                <Property Name="BomUsage" Type="Edm.String" MaxLength="1" sap:label="Usage" sap:creatable="false" sap:updatable="false" sap:sortable="false" sap:filterable="false"/>
                <Property Name="AlternativeBom" Type="Edm.String" MaxLength="2" sap:label="Alternative" sap:creatable="false" sap:updatable="false" sap:sortable="false" sap:filterable="false"/>
                <Property Name="BomStatus" Type="Edm.String" MaxLength="2" sap:label="BOM status" sap:creatable="false" sap:updatable="false" sap:sortable="false" sap:filterable="false"/>
                <Property Name="ChangeNumber" Type="Edm.String" MaxLength="12" sap:label="Change Number" sap:creatable="false" sap:updatable="false" sap:sortable="false" sap:filterable="false"/>
                <Property Name="Setreserno" Type="Edm.String" MaxLength="10" sap:label="Settle.reser.No" sap:creatable="false" sap:updatable="false" sap:sortable="false" sap:filterable="false"/>
                <Property Name="Settlitmno" Type="Edm.String" MaxLength="4" sap:label="Settle.item no." sap:creatable="false" sap:updatable="false" sap:sortable="false" sap:filterable="false"/>
                <Property Name="DistKey" Type="Edm.String" MaxLength="4" sap:label="Distribution" sap:creatable="false" sap:updatable="false" sap:sortable="false" sap:filterable="false"/>
                <Property Name="Version" Type="Edm.String" MaxLength="4" sap:label="Prod. Version" sap:creatable="false" sap:updatable="false" sap:sortable="false" sap:filterable="false"/>
                <Property Name="RunschdHd" Type="Edm.String" MaxLength="12" sap:label="RS header" sap:creatable="false" sap:updatable="false" sap:sortable="false" sap:filterable="false"/>
                <Property Name="ProdScheduler" Type="Edm.String" MaxLength="3" sap:label="Prodn Superv." sap:creatable="false" sap:updatable="false" sap:sortable="false" sap:filterable="false"/>
                <Property Name="ProdStartDate" Type="Edm.DateTime" Precision="7" sap:label="Prod.start date" sap:creatable="false" sap:updatable="false" sap:sortable="false" sap:filterable="false"/>
                <Property Name="ProdFinishDate" Type="Edm.DateTime" Precision="7" sap:label="Product. finish" sap:creatable="false" sap:updatable="false" sap:sortable="false" sap:filterable="false"/>
                <Property Name="CapReqRecordid" Type="Edm.String" MaxLength="12" sap:label="ID" sap:creatable="false" sap:updatable="false" sap:sortable="false" sap:filterable="false"/>
                <Property Name="SchedulingId" Type="Edm.String" MaxLength="15" sap:label="Number" sap:creatable="false" sap:updatable="false" sap:sortable="false" sap:filterable="false"/>
                <Property Name="SchedulingInd" Type="Edm.Boolean" sap:label="Scheduling" sap:creatable="false" sap:updatable="false" sap:sortable="false" sap:filterable="false"/>
                <Property Name="SchedulingError" Type="Edm.String" MaxLength="2" sap:label="Schedul. error" sap:creatable="false" sap:updatable="false" sap:sortable="false" sap:filterable="false"/>
                <Property Name="ProductionNote" Type="Edm.String" MaxLength="1" sap:label="Production note" sap:creatable="false" sap:updatable="false" sap:sortable="false" sap:filterable="false"/>
                <Property Name="BackflushInd" Type="Edm.String" MaxLength="1" sap:label="Backflushing" sap:creatable="false" sap:updatable="false" sap:sortable="false" sap:filterable="false"/>
                <Property Name="BaseUom" Type="Edm.String" MaxLength="3" sap:label="Base Unit" sap:creatable="false" sap:updatable="false" sap:sortable="false" sap:filterable="false" sap:semantics="unit-of-measure"/>
                <Property Name="Configuration" Type="Edm.String" MaxLength="18" sap:label="Int. object no." sap:creatable="false" sap:updatable="false" sap:sortable="false" sap:filterable="false"/>
                <Property Name="RevisionLevel" Type="Edm.String" MaxLength="2" sap:label="Revision level" sap:creatable="false" sap:updatable="false" sap:sortable="false" sap:filterable="false"/>
                <Property Name="ReducedQty" Type="Edm.Decimal" Precision="13" Scale="3" sap:label="Reduced qty" sap:creatable="false" sap:updatable="false" sap:sortable="false" sap:filterable="false"/>
                <Property Name="SchedRateIndex" Type="Edm.String" MaxLength="12" sap:label="Rate ID" sap:creatable="false" sap:updatable="false" sap:sortable="false" sap:filterable="false"/>
                <Property Name="RoughSchedindexltIndex" Type="Edm.String" MaxLength="12" sap:label="Rough sched. ID" sap:creatable="false" sap:updatable="false" sap:sortable="false" sap:filterable="false"/>
                <Property Name="SchedErrorPr" Type="Edm.String" MaxLength="2" sap:label="SchedError rate" sap:creatable="false" sap:updatable="false" sap:sortable="false" sap:filterable="false"/>
                <Property Name="SchedErrorRs" Type="Edm.String" MaxLength="2" sap:label="Sched.error" sap:creatable="false" sap:updatable="false" sap:sortable="false" sap:filterable="false"/>
                <Property Name="ObjectType" Type="Edm.String" MaxLength="1" sap:label="Object type" sap:creatable="false" sap:updatable="false" sap:sortable="false" sap:filterable="false"/>
                <Property Name="PlngScenarioLt" Type="Edm.String" MaxLength="3" sap:label="Plnng scenario" sap:creatable="false" sap:updatable="false" sap:sortable="false" sap:filterable="false"/>
                <Property Name="SimReqNo" Type="Edm.String" MaxLength="10" sap:label="Sim.requmts no." sap:creatable="false" sap:updatable="false" sap:sortable="false" sap:filterable="false"/>
                <Property Name="KanbanIndicator" Type="Edm.String" MaxLength="1" sap:label="Kanban Indicat." sap:creatable="false" sap:updatable="false" sap:sortable="false" sap:filterable="false"/>
                <Property Name="DispCapInd" Type="Edm.Boolean" sap:label="Cap. dispatched" sap:creatable="false" sap:updatable="false" sap:sortable="false" sap:filterable="false"/>
                <Property Name="SeqNumberOrder" Type="Edm.String" MaxLength="14" sap:label="Sequence number" sap:creatable="false" sap:updatable="false" sap:sortable="false" sap:filterable="false"/>
                <Property Name="OrderStrTime" Type="Edm.Time" Precision="0" sap:label="Start Time" sap:creatable="false" sap:updatable="false" sap:sortable="false" sap:filterable="false"/>
                <Property Name="OrderFinTime" Type="Edm.Time" Precision="0" sap:label="End Time" sap:creatable="false" sap:updatable="false" sap:sortable="false" sap:filterable="false"/>
                <Property Name="AssOrdInd" Type="Edm.Boolean" sap:label="Assembly orders" sap:creatable="false" sap:updatable="false" sap:sortable="false" sap:filterable="false"/>
                <Property Name="CollordLeadInd" Type="Edm.String" MaxLength="1" sap:label="Coll. Order" sap:creatable="false" sap:updatable="false" sap:sortable="false" sap:filterable="false"/>
                <Property Name="AvailableConf" Type="Edm.String" MaxLength="1" sap:label="Avail.confirm." sap:creatable="false" sap:updatable="false" sap:sortable="false" sap:filterable="false"/>
                <Property Name="CommitQty" Type="Edm.Decimal" Precision="13" Scale="3" sap:label="Committed qty" sap:creatable="false" sap:updatable="false" sap:sortable="false" sap:filterable="false"/>
                <Property Name="PlordCtrl" Type="Edm.String" MaxLength="2" sap:label="Action control" sap:creatable="false" sap:updatable="false" sap:sortable="false" sap:filterable="false"/>
                <Property Name="ActionPlndOrd" Type="Edm.String" MaxLength="4" sap:label="Action(PlndOrd)" sap:creatable="false" sap:updatable="false" sap:sortable="false" sap:filterable="false"/>
                <Property Name="DateOfAction" Type="Edm.DateTime" Precision="7" sap:label="Action date" sap:creatable="false" sap:updatable="false" sap:sortable="false" sap:filterable="false"/>
                <Property Name="TimeOfAction" Type="Edm.Time" Precision="0" sap:label="Action time" sap:creatable="false" sap:updatable="false" sap:sortable="false" sap:filterable="false"/>
                <Property Name="TotalCommitDat" Type="Edm.DateTime" Precision="7" sap:label="Tot. commitment" sap:creatable="false" sap:updatable="false" sap:sortable="false" sap:filterable="false"/>
                <Property Name="SchedProdDates" Type="Edm.Boolean" sap:label="By prod. dates" sap:creatable="false" sap:updatable="false" sap:sortable="false" sap:filterable="false"/>
                <Property Name="LeadSchedLevel" Type="Edm.String" MaxLength="1" sap:label="Scheduling lvl" sap:creatable="false" sap:updatable="false" sap:sortable="false" sap:filterable="false"/>
                <Property Name="AtpCheckType" Type="Edm.String" MaxLength="1" sap:label="Type avail.chck" sap:creatable="false" sap:updatable="false" sap:sortable="false" sap:filterable="false"/>
                <Property Name="PlnWoAssembly" Type="Edm.Boolean" sap:label="W/o final assy" sap:creatable="false" sap:updatable="false" sap:sortable="false" sap:filterable="false"/>
                <Property Name="ReqPlanNo" Type="Edm.String" MaxLength="10" sap:label="Reqmts Plan" sap:creatable="false" sap:updatable="false" sap:sortable="false" sap:filterable="false"/>
                <Property Name="ReqTotaling" Type="Edm.String" MaxLength="1" sap:label="Aggregate reqmts" sap:creatable="false" sap:updatable="false" sap:sortable="false" sap:filterable="false"/>
                <Property Name="Numerator" Type="Edm.Decimal" Precision="5" Scale="0" sap:label="Counter" sap:creatable="false" sap:updatable="false" sap:sortable="false" sap:filterable="false"/>
                <Property Name="Denominatr" Type="Edm.Decimal" Precision="5" Scale="0" sap:label="Denominator" sap:creatable="false" sap:updatable="false" sap:sortable="false" sap:filterable="false"/>
                <Property Name="EntryQnt" Type="Edm.Decimal" Precision="13" Scale="3" sap:label="Quantity in UnE" sap:creatable="false" sap:updatable="false" sap:sortable="false" sap:filterable="false"/>
                <Property Name="UnitOfEntry" Type="Edm.String" MaxLength="3" sap:label="Unit of Entry" sap:creatable="false" sap:updatable="false" sap:sortable="false" sap:filterable="false" sap:semantics="unit-of-measure"/>
                <Property Name="ReqRecordNo" Type="Edm.String" MaxLength="10" sap:label="Requirement" sap:creatable="false" sap:updatable="false" sap:sortable="false" sap:filterable="false"/>
                <Property Name="SpecStvalInd" Type="Edm.String" MaxLength="1" sap:label="Valuation" sap:creatable="false" sap:updatable="false" sap:sortable="false" sap:filterable="false"/>
                <Property Name="DelivQty" Type="Edm.Decimal" Precision="13" Scale="3" sap:label="Received" sap:creatable="false" sap:updatable="false" sap:sortable="false" sap:filterable="false"/>
                <Property Name="WithdrQty" Type="Edm.Decimal" Precision="13" Scale="3" sap:label="Issued" sap:creatable="false" sap:updatable="false" sap:sortable="false" sap:filterable="false"/>
                <Property Name="ObjDependTree" Type="Edm.String" MaxLength="17" sap:label="Edge obj. dep." sap:creatable="false" sap:updatable="false" sap:sortable="false" sap:filterable="false"/>
                <Property Name="ScVendor" Type="Edm.Boolean" sap:label="SC vendor" sap:creatable="false" sap:updatable="false" sap:sortable="false" sap:filterable="false"/>
                <Property Name="DelivRecVendor" Type="Edm.String" MaxLength="10" sap:label="Vendor" sap:creatable="false" sap:updatable="false" sap:sortable="false" sap:filterable="false"/>
                <Property Name="MrpArea" Type="Edm.String" MaxLength="10" sap:label="MRP Area" sap:creatable="false" sap:updatable="false" sap:sortable="false" sap:filterable="false"/>
                <Property Name="IssueMrpArea" Type="Edm.String" MaxLength="10" sap:label="from MRP area" sap:creatable="false" sap:updatable="false" sap:sortable="false" sap:filterable="false"/>
                <Property Name="MpnMaterial" Type="Edm.String" MaxLength="18" sap:label="MPN material" sap:creatable="false" sap:updatable="false" sap:sortable="false" sap:filterable="false"/>
                <Property Name="RepetitiveInd" Type="Edm.String" MaxLength="1" sap:label="Repetitive mfg" sap:creatable="false" sap:updatable="false" sap:sortable="false" sap:filterable="false"/>
                <Property Name="BaseUomIso" Type="Edm.String" MaxLength="3" sap:label="ISO code" sap:creatable="false" sap:updatable="false" sap:sortable="false" sap:filterable="false"/>
                <Property Name="UnitOfEntryIso" Type="Edm.String" MaxLength="3" sap:label="ISO code" sap:creatable="false" sap:updatable="false" sap:sortable="false" sap:filterable="false"/>
                <Property Name="MaterialExternal" Type="Edm.String" MaxLength="40" sap:label="Material Number" sap:creatable="false" sap:updatable="false" sap:sortable="false" sap:filterable="false"/>
                <Property Name="MaterialGuid" Type="Edm.String" MaxLength="32" sap:label="GUID (External)" sap:creatable="false" sap:updatable="false" sap:sortable="false" sap:filterable="false"/>
                <Property Name="MaterialVersion" Type="Edm.String" MaxLength="10" sap:label="Version Number" sap:creatable="false" sap:updatable="false" sap:sortable="false" sap:filterable="false"/>
                <Property Name="MpnMaterialExternal" Type="Edm.String" MaxLength="40" sap:label="Material Number" sap:creatable="false" sap:updatable="false" sap:sortable="false" sap:filterable="false"/>
                <Property Name="MpnMaterialGuid" Type="Edm.String" MaxLength="32" sap:label="GUID (External)" sap:creatable="false" sap:updatable="false" sap:sortable="false" sap:filterable="false"/>
                <Property Name="MpnMaterialVersion" Type="Edm.String" MaxLength="10" sap:label="Version Number" sap:creatable="false" sap:updatable="false" sap:sortable="false" sap:filterable="false"/>
                <Property Name="SupplStloc" Type="Edm.String" MaxLength="4" sap:label="Iss. Stor. Loc." sap:creatable="false" sap:updatable="false" sap:sortable="false" sap:filterable="false"/>
                <Property Name="StockSegment" Type="Edm.String" MaxLength="16" sap:label="Stock Segment" sap:creatable="false" sap:updatable="false" sap:sortable="false" sap:filterable="false"/>
                <Property Name="MaterialLong" Type="Edm.String" MaxLength="40" sap:label="Material" sap:creatable="false" sap:updatable="false" sap:sortable="false" sap:filterable="false"/>
                <Property Name="MpnMaterialLong" Type="Edm.String" MaxLength="40" sap:label="MPN Material" sap:creatable="false" sap:updatable="false" sap:sortable="false" sap:filterable="false"/>
            </EntityType>
            <EntityType Name="ZDR_PROD_OD" sap:content-version="1">
                <Key>
                    <PropertyRef Name="ProductionOrderNumber"/>
                </Key>
                <Property Name="ProductionOrderNumber" Type="Edm.String" Nullable="false" MaxLength="12" sap:label="Order" sap:creatable="false" sap:updatable="false" sap:sortable="false" sap:filterable="false"/>
                <Property Name="Type" Type="Edm.String" MaxLength="1" sap:label="Message type" sap:creatable="false" sap:updatable="false" sap:sortable="false" sap:filterable="false"/>
                <Property Name="Id" Type="Edm.String" MaxLength="20" sap:label="Message Class" sap:creatable="false" sap:updatable="false" sap:sortable="false" sap:filterable="false"/>
                <Property Name="Number" Type="Edm.String" MaxLength="3" sap:label="Message number" sap:creatable="false" sap:updatable="false" sap:sortable="false" sap:filterable="false"/>
                <Property Name="Message" Type="Edm.String" MaxLength="220" sap:label="Message text" sap:creatable="false" sap:updatable="false" sap:sortable="false" sap:filterable="false"/>
                <Property Name="LogNo" Type="Edm.String" MaxLength="20" sap:label="Log number" sap:creatable="false" sap:updatable="false" sap:sortable="false" sap:filterable="false"/>
                <Property Name="LogMsgNo" Type="Edm.String" MaxLength="6" sap:label="Message no." sap:creatable="false" sap:updatable="false" sap:sortable="false" sap:filterable="false"/>
                <Property Name="MessageV1" Type="Edm.String" MaxLength="50" sap:label="Message Variable" sap:creatable="false" sap:updatable="false" sap:sortable="false" sap:filterable="false"/>
                <Property Name="MessageV2" Type="Edm.String" MaxLength="50" sap:label="Message Variable" sap:creatable="false" sap:updatable="false" sap:sortable="false" sap:filterable="false"/>
                <Property Name="MessageV3" Type="Edm.String" MaxLength="50" sap:label="Message Variable" sap:creatable="false" sap:updatable="false" sap:sortable="false" sap:filterable="false"/>
                <Property Name="MessageV4" Type="Edm.String" MaxLength="50" sap:label="Message Variable" sap:creatable="false" sap:updatable="false" sap:sortable="false" sap:filterable="false"/>
                <Property Name="Parameter" Type="Edm.String" MaxLength="32" sap:label="Parameter Name" sap:creatable="false" sap:updatable="false" sap:sortable="false" sap:filterable="false"/>
                <Property Name="Row" Type="Edm.Int32" sap:label="Parameter line" sap:creatable="false" sap:updatable="false" sap:sortable="false" sap:filterable="false"/>
                <Property Name="Field" Type="Edm.String" MaxLength="30" sap:label="Field name" sap:creatable="false" sap:updatable="false" sap:sortable="false" sap:filterable="false"/>
                <Property Name="System" Type="Edm.String" MaxLength="10" sap:label="Logical system" sap:creatable="false" sap:updatable="false" sap:sortable="false" sap:filterable="false"/>
                <Property Name="ReservationNumber" Type="Edm.String" MaxLength="10" sap:label="Reservation" sap:creatable="false" sap:updatable="false" sap:sortable="false" sap:filterable="false"/>
                <Property Name="ReservationItem" Type="Edm.String" MaxLength="4" sap:label="Item no." sap:creatable="false" sap:updatable="false" sap:sortable="false" sap:filterable="false"/>
                <Property Name="ReservationType" Type="Edm.String" MaxLength="1" sap:label="Record type" sap:creatable="false" sap:updatable="false" sap:sortable="false" sap:filterable="false"/>
                <Property Name="DeletionIndicator" Type="Edm.Boolean" sap:label="Deleted" sap:creatable="false" sap:updatable="false" sap:sortable="false" sap:filterable="false"/>
                <Property Name="Material" Type="Edm.String" MaxLength="18" sap:label="Material" sap:creatable="false" sap:updatable="false" sap:sortable="false" sap:filterable="false"/>
                <Property Name="ProdPlant" Type="Edm.String" MaxLength="4" sap:label="Plant" sap:creatable="false" sap:updatable="false" sap:sortable="false" sap:filterable="false"/>
                <Property Name="StorageLocation" Type="Edm.String" MaxLength="4" sap:label="Stor. location" sap:creatable="false" sap:updatable="false" sap:sortable="false" sap:filterable="false"/>
                <Property Name="SupplyArea" Type="Edm.String" MaxLength="10" sap:label="Supply Area" sap:creatable="false" sap:updatable="false" sap:sortable="false" sap:filterable="false"/>
                <Property Name="Batch" Type="Edm.String" MaxLength="10" sap:label="Batch" sap:creatable="false" sap:updatable="false" sap:sortable="false" sap:filterable="false"/>
                <Property Name="SpecialStock" Type="Edm.String" MaxLength="1" sap:label="Special Stock" sap:creatable="false" sap:updatable="false" sap:sortable="false" sap:filterable="false"/>
                <Property Name="ReqDate" Type="Edm.DateTime" Precision="7" sap:label="Reqmts date" sap:creatable="false" sap:updatable="false" sap:sortable="false" sap:filterable="false"/>
                <Property Name="ReqQuan" Type="Edm.Decimal" Precision="13" Scale="3" sap:label="Requirement qty" sap:creatable="false" sap:updatable="false" sap:sortable="false" sap:filterable="false"/>
                <Property Name="BaseUom" Type="Edm.String" MaxLength="3" sap:label="Base Unit" sap:creatable="false" sap:updatable="false" sap:sortable="false" sap:filterable="false" sap:semantics="unit-of-measure"/>
                <Property Name="BaseUomIso" Type="Edm.String" MaxLength="3" sap:label="ISO code" sap:creatable="false" sap:updatable="false" sap:sortable="false" sap:filterable="false"/>
                <Property Name="WithdrawnQuantity" Type="Edm.Decimal" Precision="13" Scale="3" sap:label="Withdrawal Qty" sap:creatable="false" sap:updatable="false" sap:sortable="false" sap:filterable="false"/>
                <Property Name="EntryQuantity" Type="Edm.Decimal" Precision="13" Scale="3" sap:label="Quantity in UnE" sap:creatable="false" sap:updatable="false" sap:sortable="false" sap:filterable="false"/>
                <Property Name="EntryUom" Type="Edm.String" MaxLength="3" sap:label="Unit of Entry" sap:creatable="false" sap:updatable="false" sap:sortable="false" sap:filterable="false" sap:semantics="unit-of-measure"/>
                <Property Name="EntryUomIso" Type="Edm.String" MaxLength="3" sap:label="ISO code" sap:creatable="false" sap:updatable="false" sap:sortable="false" sap:filterable="false"/>
                <Property Name="OrderNumber" Type="Edm.String" MaxLength="12" sap:label="Order" sap:creatable="false" sap:updatable="false" sap:sortable="false" sap:filterable="false"/>
                <Property Name="MovementType" Type="Edm.String" MaxLength="3" sap:label="Movement type" sap:creatable="false" sap:updatable="false" sap:sortable="false" sap:filterable="false"/>
                <Property Name="ItemCategory" Type="Edm.String" MaxLength="1" sap:label="Item category" sap:creatable="false" sap:updatable="false" sap:sortable="false" sap:filterable="false"/>
                <Property Name="ItemNumber" Type="Edm.String" MaxLength="4" sap:label="BOM item" sap:creatable="false" sap:updatable="false" sap:sortable="false" sap:filterable="false"/>
                <Property Name="Sequence" Type="Edm.String" MaxLength="6" sap:label="Sequence" sap:creatable="false" sap:updatable="false" sap:sortable="false" sap:filterable="false"/>
                <Property Name="Operation" Type="Edm.String" MaxLength="4" sap:label="Activity" sap:creatable="false" sap:updatable="false" sap:sortable="false" sap:filterable="false"/>
                <Property Name="Backflush" Type="Edm.Boolean" sap:label="Backflush" sap:creatable="false" sap:updatable="false" sap:sortable="false" sap:filterable="false"/>
                <Property Name="ValuationSpecStock" Type="Edm.String" MaxLength="1" sap:label="Valuation" sap:creatable="false" sap:updatable="false" sap:sortable="false" sap:filterable="false"/>
                <Property Name="SystemStatus" Type="Edm.String" MaxLength="40" sap:label="Status" sap:creatable="false" sap:updatable="false" sap:sortable="false" sap:filterable="false"/>
                <Property Name="MaterialDescription" Type="Edm.String" MaxLength="40" sap:label="Description" sap:creatable="false" sap:updatable="false" sap:sortable="false" sap:filterable="false"/>
                <Property Name="CommitedQuantity" Type="Edm.Decimal" Precision="13" Scale="3" sap:label="Committed qty" sap:creatable="false" sap:updatable="false" sap:sortable="false" sap:filterable="false"/>
                <Property Name="Shortage" Type="Edm.Decimal" Precision="13" Scale="3" sap:label="Shortage" sap:creatable="false" sap:updatable="false" sap:sortable="false" sap:filterable="false"/>
                <Property Name="PurchaseReqNo" Type="Edm.String" MaxLength="10" sap:label="Purch.req." sap:creatable="false" sap:updatable="false" sap:sortable="false" sap:filterable="false"/>
                <Property Name="PurchaseReqItem" Type="Edm.String" MaxLength="5" sap:label="Requisn. item" sap:creatable="false" sap:updatable="false" sap:sortable="false" sap:filterable="false"/>
                <Property Name="MaterialExternal" Type="Edm.String" MaxLength="40" sap:label="Material Number" sap:creatable="false" sap:updatable="false" sap:sortable="false" sap:filterable="false"/>
                <Property Name="MaterialGuid" Type="Edm.String" MaxLength="32" sap:label="GUID (External)" sap:creatable="false" sap:updatable="false" sap:sortable="false" sap:filterable="false"/>
                <Property Name="MaterialVersion" Type="Edm.String" MaxLength="10" sap:label="Version Number" sap:creatable="false" sap:updatable="false" sap:sortable="false" sap:filterable="false"/>
                <Property Name="ReqSegment" Type="Edm.String" MaxLength="16" sap:label="Reqmnt Segment" sap:creatable="false" sap:updatable="false" sap:sortable="false" sap:filterable="false"/>
                <Property Name="StockSegment" Type="Edm.String" MaxLength="16" sap:label="Stock Segment" sap:creatable="false" sap:updatable="false" sap:sortable="false" sap:filterable="false"/>
                <Property Name="MaterialLong" Type="Edm.String" MaxLength="40" sap:label="Material" sap:creatable="false" sap:updatable="false" sap:sortable="false" sap:filterable="false"/>
                <Property Name="ProductionPlant" Type="Edm.String" MaxLength="4" sap:label="Plant" sap:creatable="false" sap:updatable="false" sap:sortable="false" sap:filterable="false"/>
                <Property Name="MrpController" Type="Edm.String" MaxLength="3" sap:label="MRP controller" sap:creatable="false" sap:updatable="false" sap:sortable="false" sap:filterable="false"/>
                <Property Name="ProductionScheduler" Type="Edm.String" MaxLength="3" sap:label="Prodn Superv." sap:creatable="false" sap:updatable="false" sap:sortable="false" sap:filterable="false"/>
                <Property Name="ExplDate" Type="Edm.DateTime" Precision="7" sap:label="Explosion Date" sap:creatable="false" sap:updatable="false" sap:sortable="false" sap:filterable="false"/>
                <Property Name="RoutingNo" Type="Edm.String" MaxLength="10" sap:label="Plan no.f.oper." sap:creatable="false" sap:updatable="false" sap:sortable="false" sap:filterable="false"/>
                <Property Name="SchedReleaseDate" Type="Edm.DateTime" Precision="7" sap:label="Release" sap:creatable="false" sap:updatable="false" sap:sortable="false" sap:filterable="false"/>
                <Property Name="ActualReleaseDate" Type="Edm.DateTime" Precision="7" sap:label="Actual release" sap:creatable="false" sap:updatable="false" sap:sortable="false" sap:filterable="false"/>
                <Property Name="FinishDate" Type="Edm.DateTime" Precision="7" sap:label="Basic fin. date" sap:creatable="false" sap:updatable="false" sap:sortable="false" sap:filterable="false"/>
                <Property Name="StartDate" Type="Edm.DateTime" Precision="7" sap:label="Bas. start date" sap:creatable="false" sap:updatable="false" sap:sortable="false" sap:filterable="false"/>
                <Property Name="ProductionFinishDate" Type="Edm.DateTime" Precision="7" sap:label="Sched. finish" sap:creatable="false" sap:updatable="false" sap:sortable="false" sap:filterable="false"/>
                <Property Name="ProductionStartDate" Type="Edm.DateTime" Precision="7" sap:label="Sched. start" sap:creatable="false" sap:updatable="false" sap:sortable="false" sap:filterable="false"/>
                <Property Name="ActualStartDate" Type="Edm.DateTime" Precision="7" sap:label="Actual start" sap:creatable="false" sap:updatable="false" sap:sortable="false" sap:filterable="false"/>
                <Property Name="ActualFinishDate" Type="Edm.DateTime" Precision="7" sap:label="Actual finish" sap:creatable="false" sap:updatable="false" sap:sortable="false" sap:filterable="false"/>
                <Property Name="Scrap" Type="Edm.Decimal" Precision="13" Scale="3" sap:label="Scrap" sap:creatable="false" sap:updatable="false" sap:sortable="false" sap:filterable="false"/>
                <Property Name="TargetQuantity" Type="Edm.Decimal" Precision="13" Scale="3" sap:label="Target Quantity" sap:creatable="false" sap:updatable="false" sap:sortable="false" sap:filterable="false"/>
                <Property Name="Unit" Type="Edm.String" MaxLength="3" sap:label="Unit of measure" sap:creatable="false" sap:updatable="false" sap:sortable="false" sap:filterable="false" sap:semantics="unit-of-measure"/>
                <Property Name="UnitIso" Type="Edm.String" MaxLength="3" sap:label="ISO code" sap:creatable="false" sap:updatable="false" sap:sortable="false" sap:filterable="false"/>
                <Property Name="Priority" Type="Edm.String" MaxLength="1" sap:label="Priority" sap:creatable="false" sap:updatable="false" sap:sortable="false" sap:filterable="false"/>
                <Property Name="OrderType" Type="Edm.String" MaxLength="4" sap:label="Order Type" sap:creatable="false" sap:updatable="false" sap:sortable="false" sap:filterable="false"/>
                <Property Name="EnteredBy" Type="Edm.String" MaxLength="12" sap:label="Entered by" sap:creatable="false" sap:updatable="false" sap:sortable="false" sap:filterable="false"/>
                <Property Name="EnterDate" Type="Edm.DateTime" Precision="7" sap:label="Created on" sap:creatable="false" sap:updatable="false" sap:sortable="false" sap:filterable="false"/>
                <Property Name="DeletionFlag" Type="Edm.Boolean" sap:label="Deletion flag" sap:creatable="false" sap:updatable="false" sap:sortable="false" sap:filterable="false"/>
                <Property Name="WbsElement" Type="Edm.String" MaxLength="24" sap:label="WBS Element" sap:creatable="false" sap:updatable="false" sap:sortable="false" sap:filterable="false"/>
                <Property Name="ConfNo" Type="Edm.String" MaxLength="10" sap:label="Confirmation" sap:creatable="false" sap:updatable="false" sap:sortable="false" sap:filterable="false"/>
                <Property Name="ConfCnt" Type="Edm.String" MaxLength="8" sap:label="Counter" sap:creatable="false" sap:updatable="false" sap:sortable="false" sap:filterable="false"/>
                <Property Name="IntObjNo" Type="Edm.String" MaxLength="18" sap:label="Int. object no." sap:creatable="false" sap:updatable="false" sap:sortable="false" sap:filterable="false"/>
                <Property Name="SchedFinTime" Type="Edm.Time" Precision="0" sap:label="Finish Time" sap:creatable="false" sap:updatable="false" sap:sortable="false" sap:filterable="false"/>
                <Property Name="SchedStartTime" Type="Edm.Time" Precision="0" sap:label="SchedStartTime" sap:creatable="false" sap:updatable="false" sap:sortable="false" sap:filterable="false"/>
                <Property Name="CollectiveOrder" Type="Edm.String" MaxLength="1" sap:label="Coll. Order" sap:creatable="false" sap:updatable="false" sap:sortable="false" sap:filterable="false"/>
                <Property Name="OrderSeqNo" Type="Edm.String" MaxLength="14" sap:label="Sequence number" sap:creatable="false" sap:updatable="false" sap:sortable="false" sap:filterable="false"/>
                <Property Name="FinishTime" Type="Edm.Time" Precision="0" sap:label="Basic fin. time" sap:creatable="false" sap:updatable="false" sap:sortable="false" sap:filterable="false"/>
                <Property Name="StartTime" Type="Edm.Time" Precision="0" sap:label="Start time" sap:creatable="false" sap:updatable="false" sap:sortable="false" sap:filterable="false"/>
                <Property Name="ActualStartTime" Type="Edm.Time" Precision="0" sap:label="ActualStart" sap:creatable="false" sap:updatable="false" sap:sortable="false" sap:filterable="false"/>
                <Property Name="LeadingOrder" Type="Edm.String" MaxLength="12" sap:label="Leading order" sap:creatable="false" sap:updatable="false" sap:sortable="false" sap:filterable="false"/>
                <Property Name="SalesOrder" Type="Edm.String" MaxLength="10" sap:label="Sales Order" sap:creatable="false" sap:updatable="false" sap:sortable="false" sap:filterable="false"/>
                <Property Name="SalesOrderItem" Type="Edm.String" MaxLength="6" sap:label="Sales ord. item" sap:creatable="false" sap:updatable="false" sap:sortable="false" sap:filterable="false"/>
                <Property Name="ProdSchedProfile" Type="Edm.String" MaxLength="6" sap:label="ProdProfile" sap:creatable="false" sap:updatable="false" sap:sortable="false" sap:filterable="false"/>
                <Property Name="MaterialText" Type="Edm.String" MaxLength="40" sap:label="Material Descr." sap:creatable="false" sap:updatable="false" sap:sortable="false" sap:filterable="false"/>
                <Property Name="ConfirmedQuantity" Type="Edm.Decimal" Precision="13" Scale="3" sap:label="Committed" sap:creatable="false" sap:updatable="false" sap:sortable="false" sap:filterable="false"/>
                <Property Name="PlanPlant" Type="Edm.String" MaxLength="4" sap:label="Planning plant" sap:creatable="false" sap:updatable="false" sap:sortable="false" sap:filterable="false"/>
                <Property Name="DateOfExpiry" Type="Edm.DateTime" Precision="7" sap:label="BBD/SLED" sap:creatable="false" sap:updatable="false" sap:sortable="false" sap:filterable="false"/>
                <Property Name="DateOfManufacture" Type="Edm.DateTime" Precision="7" sap:label="Date of Manuf." sap:creatable="false" sap:updatable="false" sap:sortable="false" sap:filterable="false"/>
                <Property Name="OrderItemNumber" Type="Edm.String" MaxLength="4" sap:label="Order item no." sap:creatable="false" sap:updatable="false" sap:sortable="false" sap:filterable="false"/>
                <Property Name="Quantity" Type="Edm.Decimal" Precision="13" Scale="3" sap:label="Item quantity" sap:creatable="false" sap:updatable="false" sap:sortable="false" sap:filterable="false"/>
                <Property Name="DeliveredQuantity" Type="Edm.Decimal" Precision="13" Scale="3" sap:label="GR quantity" sap:creatable="false" sap:updatable="false" sap:sortable="false" sap:filterable="false"/>
                <Property Name="BaseUnit" Type="Edm.String" MaxLength="3" sap:label="Base Unit" sap:creatable="false" sap:updatable="false" sap:sortable="false" sap:filterable="false" sap:semantics="unit-of-measure"/>
                <Property Name="BaseUnitIso" Type="Edm.String" MaxLength="3" sap:label="ISO code" sap:creatable="false" sap:updatable="false" sap:sortable="false" sap:filterable="false"/>
                <Property Name="ActualDeliveryDate" Type="Edm.DateTime" Precision="7" sap:label="Act.deliv.date" sap:creatable="false" sap:updatable="false" sap:sortable="false" sap:filterable="false"/>
                <Property Name="PlannedDeliveryDate" Type="Edm.DateTime" Precision="7" sap:label="PldOrd Del.date" sap:creatable="false" sap:updatable="false" sap:sortable="false" sap:filterable="false"/>
                <Property Name="DeliveryCompl" Type="Edm.Boolean" sap:label="Deliv. Compl." sap:creatable="false" sap:updatable="false" sap:sortable="false" sap:filterable="false"/>
                <Property Name="ProductionVersion" Type="Edm.String" MaxLength="4" sap:label="Prod. Version" sap:creatable="false" sap:updatable="false" sap:sortable="false" sap:filterable="false"/>
                <Property Name="MrpArea" Type="Edm.String" MaxLength="10" sap:label="MRP Area" sap:creatable="false" sap:updatable="false" sap:sortable="false" sap:filterable="false"/>
            </EntityType>
            <EntityType Name="ZDR_PROD_OL" sap:content-version="1">
                <Key>
                    <PropertyRef Name="OrderNumber"/>
                </Key>
                <Property Name="FilterType" Type="Edm.String" MaxLength="20" sap:label="Char20" sap:creatable="false" sap:updatable="false" sap:sortable="false" sap:filterable="false"/>
                <Property Name="FilterValue" Type="Edm.String" MaxLength="20" sap:label="Char20" sap:creatable="false" sap:updatable="false" sap:sortable="false" sap:filterable="false"/>
                <Property Name="MrpCtrl" Type="Edm.String" MaxLength="3" sap:label="MRP controller" sap:creatable="false" sap:updatable="false" sap:sortable="false" sap:filterable="false"/>
                <Property Name="Plant" Type="Edm.String" MaxLength="4" sap:label="Plant" sap:creatable="false" sap:updatable="false" sap:sortable="false" sap:filterable="false"/>
                <Property Name="Year" Type="Edm.String" MaxLength="20" sap:label="Char20" sap:creatable="false" sap:updatable="false" sap:sortable="false" sap:filterable="false"/>
                <Property Name="OrderNumber" Type="Edm.String" Nullable="false" MaxLength="12" sap:label="Order" sap:creatable="false" sap:updatable="false" sap:sortable="false" sap:filterable="false"/>
                <Property Name="ProductionPlant" Type="Edm.String" MaxLength="4" sap:label="Plant" sap:creatable="false" sap:updatable="false" sap:sortable="false" sap:filterable="false"/>
                <Property Name="MrpController" Type="Edm.String" MaxLength="3" sap:label="MRP controller" sap:creatable="false" sap:updatable="false" sap:sortable="false" sap:filterable="false"/>
                <Property Name="ProductionScheduler" Type="Edm.String" MaxLength="3" sap:label="Prodn Superv." sap:creatable="false" sap:updatable="false" sap:sortable="false" sap:filterable="false"/>
                <Property Name="Material" Type="Edm.String" MaxLength="18" sap:label="Material" sap:creatable="false" sap:updatable="false" sap:sortable="false" sap:filterable="false"/>
                <Property Name="ExplDate" Type="Edm.DateTime" Precision="7" sap:label="Explosion Date" sap:creatable="false" sap:updatable="false" sap:sortable="false" sap:filterable="false"/>
                <Property Name="RoutingNo" Type="Edm.String" MaxLength="10" sap:label="Plan no.f.oper." sap:creatable="false" sap:updatable="false" sap:sortable="false" sap:filterable="false"/>
                <Property Name="ReservationNumber" Type="Edm.String" MaxLength="10" sap:label="Reservation" sap:creatable="false" sap:updatable="false" sap:sortable="false" sap:filterable="false"/>
                <Property Name="SchedReleaseDate" Type="Edm.DateTime" Precision="7" sap:label="Release" sap:creatable="false" sap:updatable="false" sap:sortable="false" sap:filterable="false"/>
                <Property Name="ActualReleaseDate" Type="Edm.DateTime" Precision="7" sap:label="Actual release" sap:creatable="false" sap:updatable="false" sap:sortable="false" sap:filterable="false"/>
                <Property Name="FinishDate" Type="Edm.DateTime" Precision="7" sap:label="Basic fin. date" sap:creatable="false" sap:updatable="false" sap:sortable="false" sap:filterable="false"/>
                <Property Name="StartDate" Type="Edm.DateTime" Precision="7" sap:label="Bas. start date" sap:creatable="false" sap:updatable="false" sap:sortable="false" sap:filterable="false"/>
                <Property Name="ProductionFinishDate" Type="Edm.DateTime" Precision="7" sap:label="Sched. finish" sap:creatable="false" sap:updatable="false" sap:sortable="false" sap:filterable="false"/>
                <Property Name="ProductionStartDate" Type="Edm.DateTime" Precision="7" sap:label="Sched. start" sap:creatable="false" sap:updatable="false" sap:sortable="false" sap:filterable="false"/>
                <Property Name="ActualStartDate" Type="Edm.DateTime" Precision="7" sap:label="Actual start" sap:creatable="false" sap:updatable="false" sap:sortable="false" sap:filterable="false"/>
                <Property Name="ActualFinishDate" Type="Edm.DateTime" Precision="7" sap:label="Actual finish" sap:creatable="false" sap:updatable="false" sap:sortable="false" sap:filterable="false"/>
                <Property Name="Scrap" Type="Edm.Decimal" Precision="13" Scale="3" sap:label="Scrap" sap:creatable="false" sap:updatable="false" sap:sortable="false" sap:filterable="false"/>
                <Property Name="TargetQuantity" Type="Edm.Decimal" Precision="13" Scale="3" sap:label="Target Quantity" sap:creatable="false" sap:updatable="false" sap:sortable="false" sap:filterable="false"/>
                <Property Name="Unit" Type="Edm.String" MaxLength="3" sap:label="Unit of measure" sap:creatable="false" sap:updatable="false" sap:sortable="false" sap:filterable="false" sap:semantics="unit-of-measure"/>
                <Property Name="UnitIso" Type="Edm.String" MaxLength="3" sap:label="ISO code" sap:creatable="false" sap:updatable="false" sap:sortable="false" sap:filterable="false"/>
                <Property Name="Priority" Type="Edm.String" MaxLength="1" sap:label="Priority" sap:creatable="false" sap:updatable="false" sap:sortable="false" sap:filterable="false"/>
                <Property Name="OrderType" Type="Edm.String" MaxLength="4" sap:label="Order Type" sap:creatable="false" sap:updatable="false" sap:sortable="false" sap:filterable="false"/>
                <Property Name="EnteredBy" Type="Edm.String" MaxLength="12" sap:label="Entered by" sap:creatable="false" sap:updatable="false" sap:sortable="false" sap:filterable="false"/>
                <Property Name="EnterDate" Type="Edm.DateTime" Precision="7" sap:label="Created on" sap:creatable="false" sap:updatable="false" sap:sortable="false" sap:filterable="false"/>
                <Property Name="DeletionFlag" Type="Edm.Boolean" sap:label="Deletion flag" sap:creatable="false" sap:updatable="false" sap:sortable="false" sap:filterable="false"/>
                <Property Name="WbsElement" Type="Edm.String" MaxLength="24" sap:label="WBS Element" sap:creatable="false" sap:updatable="false" sap:sortable="false" sap:filterable="false"/>
                <Property Name="ConfNo" Type="Edm.String" MaxLength="10" sap:label="Confirmation" sap:creatable="false" sap:updatable="false" sap:sortable="false" sap:filterable="false"/>
                <Property Name="ConfCnt" Type="Edm.String" MaxLength="8" sap:label="Counter" sap:creatable="false" sap:updatable="false" sap:sortable="false" sap:filterable="false"/>
                <Property Name="IntObjNo" Type="Edm.String" MaxLength="18" sap:label="Int. object no." sap:creatable="false" sap:updatable="false" sap:sortable="false" sap:filterable="false"/>
                <Property Name="SchedFinTime" Type="Edm.Time" Precision="0" sap:label="Finish Time" sap:creatable="false" sap:updatable="false" sap:sortable="false" sap:filterable="false"/>
                <Property Name="SchedStartTime" Type="Edm.Time" Precision="0" sap:label="SchedStartTime" sap:creatable="false" sap:updatable="false" sap:sortable="false" sap:filterable="false"/>
                <Property Name="CollectiveOrder" Type="Edm.String" MaxLength="1" sap:label="Coll. Order" sap:creatable="false" sap:updatable="false" sap:sortable="false" sap:filterable="false"/>
                <Property Name="OrderSeqNo" Type="Edm.String" MaxLength="14" sap:label="Sequence number" sap:creatable="false" sap:updatable="false" sap:sortable="false" sap:filterable="false"/>
                <Property Name="FinishTime" Type="Edm.Time" Precision="0" sap:label="Basic fin. time" sap:creatable="false" sap:updatable="false" sap:sortable="false" sap:filterable="false"/>
                <Property Name="StartTime" Type="Edm.Time" Precision="0" sap:label="Start time" sap:creatable="false" sap:updatable="false" sap:sortable="false" sap:filterable="false"/>
                <Property Name="ActualStartTime" Type="Edm.Time" Precision="0" sap:label="ActualStart" sap:creatable="false" sap:updatable="false" sap:sortable="false" sap:filterable="false"/>
                <Property Name="LeadingOrder" Type="Edm.String" MaxLength="12" sap:label="Leading order" sap:creatable="false" sap:updatable="false" sap:sortable="false" sap:filterable="false"/>
                <Property Name="SalesOrder" Type="Edm.String" MaxLength="10" sap:label="Sales Order" sap:creatable="false" sap:updatable="false" sap:sortable="false" sap:filterable="false"/>
                <Property Name="SalesOrderItem" Type="Edm.String" MaxLength="6" sap:label="Sales ord. item" sap:creatable="false" sap:updatable="false" sap:sortable="false" sap:filterable="false"/>
                <Property Name="ProdSchedProfile" Type="Edm.String" MaxLength="6" sap:label="ProdProfile" sap:creatable="false" sap:updatable="false" sap:sortable="false" sap:filterable="false"/>
                <Property Name="MaterialText" Type="Edm.String" MaxLength="40" sap:label="Material Descr." sap:creatable="false" sap:updatable="false" sap:sortable="false" sap:filterable="false"/>
                <Property Name="SystemStatus" Type="Edm.String" MaxLength="40" sap:label="System Status" sap:creatable="false" sap:updatable="false" sap:sortable="false" sap:filterable="false"/>
                <Property Name="ConfirmedQuantity" Type="Edm.Decimal" Precision="13" Scale="3" sap:label="Committed" sap:creatable="false" sap:updatable="false" sap:sortable="false" sap:filterable="false"/>
                <Property Name="PlanPlant" Type="Edm.String" MaxLength="4" sap:label="Planning plant" sap:creatable="false" sap:updatable="false" sap:sortable="false" sap:filterable="false"/>
                <Property Name="Batch" Type="Edm.String" MaxLength="10" sap:label="Batch" sap:creatable="false" sap:updatable="false" sap:sortable="false" sap:filterable="false"/>
                <Property Name="MaterialExternal" Type="Edm.String" MaxLength="40" sap:label="Material Number" sap:creatable="false" sap:updatable="false" sap:sortable="false" sap:filterable="false"/>
                <Property Name="MaterialGuid" Type="Edm.String" MaxLength="32" sap:label="GUID (External)" sap:creatable="false" sap:updatable="false" sap:sortable="false" sap:filterable="false"/>
                <Property Name="MaterialVersion" Type="Edm.String" MaxLength="10" sap:label="Version Number" sap:creatable="false" sap:updatable="false" sap:sortable="false" sap:filterable="false"/>
                <Property Name="DateOfExpiry" Type="Edm.DateTime" Precision="7" sap:label="BBD/SLED" sap:creatable="false" sap:updatable="false" sap:sortable="false" sap:filterable="false"/>
                <Property Name="DateOfManufacture" Type="Edm.DateTime" Precision="7" sap:label="Date of Manuf." sap:creatable="false" sap:updatable="false" sap:sortable="false" sap:filterable="false"/>
                <Property Name="MaterialLong" Type="Edm.String" MaxLength="40" sap:label="Material" sap:creatable="false" sap:updatable="false" sap:sortable="false" sap:filterable="false"/>
            </EntityType>
            <EntityType Name="ZDR_LOGIN" sap:content-version="1">
                <Key>
                    <PropertyRef Name="WfPassword"/>
                    <PropertyRef Name="WfUsername"/>
                </Key>
                <Property Name="WfPassword" Type="Edm.String" Nullable="false" MaxLength="20" sap:label="PASSWORD DATA ELEMENT" sap:creatable="false" sap:updatable="false" sap:sortable="false" sap:filterable="false"/>
                <Property Name="WfUsername" Type="Edm.String" Nullable="false" MaxLength="20" sap:label="USERNAME DATA ELEMENT" sap:creatable="false" sap:updatable="false" sap:sortable="false" sap:filterable="false"/>
                <Property Name="MrpCtrl" Type="Edm.String" MaxLength="3" sap:label="MRP controller" sap:creatable="false" sap:updatable="false" sap:sortable="false" sap:filterable="false"/>
                <Property Name="PlanPlant" Type="Edm.String" MaxLength="4" sap:label="Plant" sap:creatable="false" sap:updatable="false" sap:sortable="false" sap:filterable="false"/>
                <Property Name="ProdPlant" Type="Edm.String" MaxLength="4" sap:label="Plant" sap:creatable="false" sap:updatable="false" sap:sortable="false" sap:filterable="false"/>
                <Property Name="SuccessCode" Type="Edm.String" sap:label="RESULT" sap:creatable="false" sap:updatable="false" sap:sortable="false" sap:filterable="false"/>
            </EntityType>
            <EntityContainer Name="ZSFP_ODATA_DR_SRV_Entities" m:IsDefaultEntityContainer="true" sap:supported-formats="atom json xlsx">
                <EntitySet Name="ZDR_PLAN_ODSet" EntityType="ZSFP_ODATA_DR_SRV.ZDR_PLAN_OD" sap:creatable="false" sap:updatable="false" sap:deletable="false" sap:pageable="false" sap:content-version="1"/>
                <EntitySet Name="ZDR_PLAN_OLSet" EntityType="ZSFP_ODATA_DR_SRV.ZDR_PLAN_OL" sap:creatable="false" sap:updatable="false" sap:deletable="false" sap:pageable="false" sap:content-version="1"/>
                <EntitySet Name="ZDR_PROD_ODSet" EntityType="ZSFP_ODATA_DR_SRV.ZDR_PROD_OD" sap:creatable="false" sap:updatable="false" sap:deletable="false" sap:pageable="false" sap:content-version="1"/>
                <EntitySet Name="ZDR_PROD_OLSet" EntityType="ZSFP_ODATA_DR_SRV.ZDR_PROD_OL" sap:creatable="false" sap:updatable="false" sap:deletable="false" sap:pageable="false" sap:content-version="1"/>
                <EntitySet Name="ZDR_LOGINSet" EntityType="ZSFP_ODATA_DR_SRV.ZDR_LOGIN" sap:creatable="false" sap:updatable="false" sap:deletable="false" sap:pageable="false" sap:content-version="1"/>
            </EntityContainer>
            <atom:link
                xmlns:atom="http://www.w3.org/2005/Atom" rel="self" href="./sap/ZSFP_ODATA_DR_SRV/$metadata"/>
                <atom:link
                    xmlns:atom="http://www.w3.org/2005/Atom" rel="latest-version" href="./sap/ZSFP_ODATA_DR_SRV/$metadata"/>
                </Schema>
            </edmx:DataServices>
        </edmx:Edmx>